:START_ID,unitPrice:float,quantity:int,:END_ID,:TYPE
invoice1,0.99,1,track2,DOCUMENTS
invoice1,0.99,1,track4,DOCUMENTS
invoice2,0.99,1,track6,DOCUMENTS
invoice2,0.99,1,track8,DOCUMENTS
invoice2,0.99,1,track10,DOCUMENTS
invoice2,0.99,1,track12,DOCUMENTS
invoice3,0.99,1,track16,DOCUMENTS
invoice3,0.99,1,track20,DOCUMENTS
invoice3,0.99,1,track24,DOCUMENTS
invoice3,0.99,1,track28,DOCUMENTS
invoice3,0.99,1,track32,DOCUMENTS
invoice3,0.99,1,track36,DOCUMENTS
invoice4,0.99,1,track42,DOCUMENTS
invoice4,0.99,1,track48,DOCUMENTS
invoice4,0.99,1,track54,DOCUMENTS
invoice4,0.99,1,track60,DOCUMENTS
invoice4,0.99,1,track66,DOCUMENTS
invoice4,0.99,1,track72,DOCUMENTS
invoice4,0.99,1,track78,DOCUMENTS
invoice4,0.99,1,track84,DOCUMENTS
invoice4,0.99,1,track90,DOCUMENTS
invoice5,0.99,1,track99,DOCUMENTS
invoice5,0.99,1,track108,DOCUMENTS
invoice5,0.99,1,track117,DOCUMENTS
invoice5,0.99,1,track126,DOCUMENTS
invoice5,0.99,1,track135,DOCUMENTS
invoice5,0.99,1,track144,DOCUMENTS
invoice5,0.99,1,track153,DOCUMENTS
invoice5,0.99,1,track162,DOCUMENTS
invoice5,0.99,1,track171,DOCUMENTS
invoice5,0.99,1,track180,DOCUMENTS
invoice5,0.99,1,track189,DOCUMENTS
invoice5,0.99,1,track198,DOCUMENTS
invoice5,0.99,1,track207,DOCUMENTS
invoice5,0.99,1,track216,DOCUMENTS
invoice6,0.99,1,track230,DOCUMENTS
invoice7,0.99,1,track231,DOCUMENTS
invoice7,0.99,1,track232,DOCUMENTS
invoice8,0.99,1,track234,DOCUMENTS
invoice8,0.99,1,track236,DOCUMENTS
invoice9,0.99,1,track238,DOCUMENTS
invoice9,0.99,1,track240,DOCUMENTS
invoice9,0.99,1,track242,DOCUMENTS
invoice9,0.99,1,track244,DOCUMENTS
invoice10,0.99,1,track248,DOCUMENTS
invoice10,0.99,1,track252,DOCUMENTS
invoice10,0.99,1,track256,DOCUMENTS
invoice10,0.99,1,track260,DOCUMENTS
invoice10,0.99,1,track264,DOCUMENTS
invoice10,0.99,1,track268,DOCUMENTS
invoice11,0.99,1,track274,DOCUMENTS
invoice11,0.99,1,track280,DOCUMENTS
invoice11,0.99,1,track286,DOCUMENTS
invoice11,0.99,1,track292,DOCUMENTS
invoice11,0.99,1,track298,DOCUMENTS
invoice11,0.99,1,track304,DOCUMENTS
invoice11,0.99,1,track310,DOCUMENTS
invoice11,0.99,1,track316,DOCUMENTS
invoice11,0.99,1,track322,DOCUMENTS
invoice12,0.99,1,track331,DOCUMENTS
invoice12,0.99,1,track340,DOCUMENTS
invoice12,0.99,1,track349,DOCUMENTS
invoice12,0.99,1,track358,DOCUMENTS
invoice12,0.99,1,track367,DOCUMENTS
invoice12,0.99,1,track376,DOCUMENTS
invoice12,0.99,1,track385,DOCUMENTS
invoice12,0.99,1,track394,DOCUMENTS
invoice12,0.99,1,track403,DOCUMENTS
invoice12,0.99,1,track412,DOCUMENTS
invoice12,0.99,1,track421,DOCUMENTS
invoice12,0.99,1,track430,DOCUMENTS
invoice12,0.99,1,track439,DOCUMENTS
invoice12,0.99,1,track448,DOCUMENTS
invoice13,0.99,1,track462,DOCUMENTS
invoice14,0.99,1,track463,DOCUMENTS
invoice14,0.99,1,track464,DOCUMENTS
invoice15,0.99,1,track466,DOCUMENTS
invoice15,0.99,1,track468,DOCUMENTS
invoice16,0.99,1,track470,DOCUMENTS
invoice16,0.99,1,track472,DOCUMENTS
invoice16,0.99,1,track474,DOCUMENTS
invoice16,0.99,1,track476,DOCUMENTS
invoice17,0.99,1,track480,DOCUMENTS
invoice17,0.99,1,track484,DOCUMENTS
invoice17,0.99,1,track488,DOCUMENTS
invoice17,0.99,1,track492,DOCUMENTS
invoice17,0.99,1,track496,DOCUMENTS
invoice17,0.99,1,track500,DOCUMENTS
invoice18,0.99,1,track506,DOCUMENTS
invoice18,0.99,1,track512,DOCUMENTS
invoice18,0.99,1,track518,DOCUMENTS
invoice18,0.99,1,track524,DOCUMENTS
invoice18,0.99,1,track530,DOCUMENTS
invoice18,0.99,1,track536,DOCUMENTS
invoice18,0.99,1,track542,DOCUMENTS
invoice18,0.99,1,track548,DOCUMENTS
invoice18,0.99,1,track554,DOCUMENTS
invoice19,0.99,1,track563,DOCUMENTS
invoice19,0.99,1,track572,DOCUMENTS
invoice19,0.99,1,track581,DOCUMENTS
invoice19,0.99,1,track590,DOCUMENTS
invoice19,0.99,1,track599,DOCUMENTS
invoice19,0.99,1,track608,DOCUMENTS
invoice19,0.99,1,track617,DOCUMENTS
invoice19,0.99,1,track626,DOCUMENTS
invoice19,0.99,1,track635,DOCUMENTS
invoice19,0.99,1,track644,DOCUMENTS
invoice19,0.99,1,track653,DOCUMENTS
invoice19,0.99,1,track662,DOCUMENTS
invoice19,0.99,1,track671,DOCUMENTS
invoice19,0.99,1,track680,DOCUMENTS
invoice20,0.99,1,track694,DOCUMENTS
invoice21,0.99,1,track695,DOCUMENTS
invoice21,0.99,1,track696,DOCUMENTS
invoice22,0.99,1,track698,DOCUMENTS
invoice22,0.99,1,track700,DOCUMENTS
invoice23,0.99,1,track702,DOCUMENTS
invoice23,0.99,1,track704,DOCUMENTS
invoice23,0.99,1,track706,DOCUMENTS
invoice23,0.99,1,track708,DOCUMENTS
invoice24,0.99,1,track712,DOCUMENTS
invoice24,0.99,1,track716,DOCUMENTS
invoice24,0.99,1,track720,DOCUMENTS
invoice24,0.99,1,track724,DOCUMENTS
invoice24,0.99,1,track728,DOCUMENTS
invoice24,0.99,1,track732,DOCUMENTS
invoice25,0.99,1,track738,DOCUMENTS
invoice25,0.99,1,track744,DOCUMENTS
invoice25,0.99,1,track750,DOCUMENTS
invoice25,0.99,1,track756,DOCUMENTS
invoice25,0.99,1,track762,DOCUMENTS
invoice25,0.99,1,track768,DOCUMENTS
invoice25,0.99,1,track774,DOCUMENTS
invoice25,0.99,1,track780,DOCUMENTS
invoice25,0.99,1,track786,DOCUMENTS
invoice26,0.99,1,track795,DOCUMENTS
invoice26,0.99,1,track804,DOCUMENTS
invoice26,0.99,1,track813,DOCUMENTS
invoice26,0.99,1,track822,DOCUMENTS
invoice26,0.99,1,track831,DOCUMENTS
invoice26,0.99,1,track840,DOCUMENTS
invoice26,0.99,1,track849,DOCUMENTS
invoice26,0.99,1,track858,DOCUMENTS
invoice26,0.99,1,track867,DOCUMENTS
invoice26,0.99,1,track876,DOCUMENTS
invoice26,0.99,1,track885,DOCUMENTS
invoice26,0.99,1,track894,DOCUMENTS
invoice26,0.99,1,track903,DOCUMENTS
invoice26,0.99,1,track912,DOCUMENTS
invoice27,0.99,1,track926,DOCUMENTS
invoice28,0.99,1,track927,DOCUMENTS
invoice28,0.99,1,track928,DOCUMENTS
invoice29,0.99,1,track930,DOCUMENTS
invoice29,0.99,1,track932,DOCUMENTS
invoice30,0.99,1,track934,DOCUMENTS
invoice30,0.99,1,track936,DOCUMENTS
invoice30,0.99,1,track938,DOCUMENTS
invoice30,0.99,1,track940,DOCUMENTS
invoice31,0.99,1,track944,DOCUMENTS
invoice31,0.99,1,track948,DOCUMENTS
invoice31,0.99,1,track952,DOCUMENTS
invoice31,0.99,1,track956,DOCUMENTS
invoice31,0.99,1,track960,DOCUMENTS
invoice31,0.99,1,track964,DOCUMENTS
invoice32,0.99,1,track970,DOCUMENTS
invoice32,0.99,1,track976,DOCUMENTS
invoice32,0.99,1,track982,DOCUMENTS
invoice32,0.99,1,track988,DOCUMENTS
invoice32,0.99,1,track994,DOCUMENTS
invoice32,0.99,1,track1000,DOCUMENTS
invoice32,0.99,1,track1006,DOCUMENTS
invoice32,0.99,1,track1012,DOCUMENTS
invoice32,0.99,1,track1018,DOCUMENTS
invoice33,0.99,1,track1027,DOCUMENTS
invoice33,0.99,1,track1036,DOCUMENTS
invoice33,0.99,1,track1045,DOCUMENTS
invoice33,0.99,1,track1054,DOCUMENTS
invoice33,0.99,1,track1063,DOCUMENTS
invoice33,0.99,1,track1072,DOCUMENTS
invoice33,0.99,1,track1081,DOCUMENTS
invoice33,0.99,1,track1090,DOCUMENTS
invoice33,0.99,1,track1099,DOCUMENTS
invoice33,0.99,1,track1108,DOCUMENTS
invoice33,0.99,1,track1117,DOCUMENTS
invoice33,0.99,1,track1126,DOCUMENTS
invoice33,0.99,1,track1135,DOCUMENTS
invoice33,0.99,1,track1144,DOCUMENTS
invoice34,0.99,1,track1158,DOCUMENTS
invoice35,0.99,1,track1159,DOCUMENTS
invoice35,0.99,1,track1160,DOCUMENTS
invoice36,0.99,1,track1162,DOCUMENTS
invoice36,0.99,1,track1164,DOCUMENTS
invoice37,0.99,1,track1166,DOCUMENTS
invoice37,0.99,1,track1168,DOCUMENTS
invoice37,0.99,1,track1170,DOCUMENTS
invoice37,0.99,1,track1172,DOCUMENTS
invoice38,0.99,1,track1176,DOCUMENTS
invoice38,0.99,1,track1180,DOCUMENTS
invoice38,0.99,1,track1184,DOCUMENTS
invoice38,0.99,1,track1188,DOCUMENTS
invoice38,0.99,1,track1192,DOCUMENTS
invoice38,0.99,1,track1196,DOCUMENTS
invoice39,0.99,1,track1202,DOCUMENTS
invoice39,0.99,1,track1208,DOCUMENTS
invoice39,0.99,1,track1214,DOCUMENTS
invoice39,0.99,1,track1220,DOCUMENTS
invoice39,0.99,1,track1226,DOCUMENTS
invoice39,0.99,1,track1232,DOCUMENTS
invoice39,0.99,1,track1238,DOCUMENTS
invoice39,0.99,1,track1244,DOCUMENTS
invoice39,0.99,1,track1250,DOCUMENTS
invoice40,0.99,1,track1259,DOCUMENTS
invoice40,0.99,1,track1268,DOCUMENTS
invoice40,0.99,1,track1277,DOCUMENTS
invoice40,0.99,1,track1286,DOCUMENTS
invoice40,0.99,1,track1295,DOCUMENTS
invoice40,0.99,1,track1304,DOCUMENTS
invoice40,0.99,1,track1313,DOCUMENTS
invoice40,0.99,1,track1322,DOCUMENTS
invoice40,0.99,1,track1331,DOCUMENTS
invoice40,0.99,1,track1340,DOCUMENTS
invoice40,0.99,1,track1349,DOCUMENTS
invoice40,0.99,1,track1358,DOCUMENTS
invoice40,0.99,1,track1367,DOCUMENTS
invoice40,0.99,1,track1376,DOCUMENTS
invoice41,0.99,1,track1390,DOCUMENTS
invoice42,0.99,1,track1391,DOCUMENTS
invoice42,0.99,1,track1392,DOCUMENTS
invoice43,0.99,1,track1394,DOCUMENTS
invoice43,0.99,1,track1396,DOCUMENTS
invoice44,0.99,1,track1398,DOCUMENTS
invoice44,0.99,1,track1400,DOCUMENTS
invoice44,0.99,1,track1402,DOCUMENTS
invoice44,0.99,1,track1404,DOCUMENTS
invoice45,0.99,1,track1408,DOCUMENTS
invoice45,0.99,1,track1412,DOCUMENTS
invoice45,0.99,1,track1416,DOCUMENTS
invoice45,0.99,1,track1420,DOCUMENTS
invoice45,0.99,1,track1424,DOCUMENTS
invoice45,0.99,1,track1428,DOCUMENTS
invoice46,0.99,1,track1434,DOCUMENTS
invoice46,0.99,1,track1440,DOCUMENTS
invoice46,0.99,1,track1446,DOCUMENTS
invoice46,0.99,1,track1452,DOCUMENTS
invoice46,0.99,1,track1458,DOCUMENTS
invoice46,0.99,1,track1464,DOCUMENTS
invoice46,0.99,1,track1470,DOCUMENTS
invoice46,0.99,1,track1476,DOCUMENTS
invoice46,0.99,1,track1482,DOCUMENTS
invoice47,0.99,1,track1491,DOCUMENTS
invoice47,0.99,1,track1500,DOCUMENTS
invoice47,0.99,1,track1509,DOCUMENTS
invoice47,0.99,1,track1518,DOCUMENTS
invoice47,0.99,1,track1527,DOCUMENTS
invoice47,0.99,1,track1536,DOCUMENTS
invoice47,0.99,1,track1545,DOCUMENTS
invoice47,0.99,1,track1554,DOCUMENTS
invoice47,0.99,1,track1563,DOCUMENTS
invoice47,0.99,1,track1572,DOCUMENTS
invoice47,0.99,1,track1581,DOCUMENTS
invoice47,0.99,1,track1590,DOCUMENTS
invoice47,0.99,1,track1599,DOCUMENTS
invoice47,0.99,1,track1608,DOCUMENTS
invoice48,0.99,1,track1622,DOCUMENTS
invoice49,0.99,1,track1623,DOCUMENTS
invoice49,0.99,1,track1624,DOCUMENTS
invoice50,0.99,1,track1626,DOCUMENTS
invoice50,0.99,1,track1628,DOCUMENTS
invoice51,0.99,1,track1630,DOCUMENTS
invoice51,0.99,1,track1632,DOCUMENTS
invoice51,0.99,1,track1634,DOCUMENTS
invoice51,0.99,1,track1636,DOCUMENTS
invoice52,0.99,1,track1640,DOCUMENTS
invoice52,0.99,1,track1644,DOCUMENTS
invoice52,0.99,1,track1648,DOCUMENTS
invoice52,0.99,1,track1652,DOCUMENTS
invoice52,0.99,1,track1656,DOCUMENTS
invoice52,0.99,1,track1660,DOCUMENTS
invoice53,0.99,1,track1666,DOCUMENTS
invoice53,0.99,1,track1672,DOCUMENTS
invoice53,0.99,1,track1678,DOCUMENTS
invoice53,0.99,1,track1684,DOCUMENTS
invoice53,0.99,1,track1690,DOCUMENTS
invoice53,0.99,1,track1696,DOCUMENTS
invoice53,0.99,1,track1702,DOCUMENTS
invoice53,0.99,1,track1708,DOCUMENTS
invoice53,0.99,1,track1714,DOCUMENTS
invoice54,0.99,1,track1723,DOCUMENTS
invoice54,0.99,1,track1732,DOCUMENTS
invoice54,0.99,1,track1741,DOCUMENTS
invoice54,0.99,1,track1750,DOCUMENTS
invoice54,0.99,1,track1759,DOCUMENTS
invoice54,0.99,1,track1768,DOCUMENTS
invoice54,0.99,1,track1777,DOCUMENTS
invoice54,0.99,1,track1786,DOCUMENTS
invoice54,0.99,1,track1795,DOCUMENTS
invoice54,0.99,1,track1804,DOCUMENTS
invoice54,0.99,1,track1813,DOCUMENTS
invoice54,0.99,1,track1822,DOCUMENTS
invoice54,0.99,1,track1831,DOCUMENTS
invoice54,0.99,1,track1840,DOCUMENTS
invoice55,0.99,1,track1854,DOCUMENTS
invoice56,0.99,1,track1855,DOCUMENTS
invoice56,0.99,1,track1856,DOCUMENTS
invoice57,0.99,1,track1858,DOCUMENTS
invoice57,0.99,1,track1860,DOCUMENTS
invoice58,0.99,1,track1862,DOCUMENTS
invoice58,0.99,1,track1864,DOCUMENTS
invoice58,0.99,1,track1866,DOCUMENTS
invoice58,0.99,1,track1868,DOCUMENTS
invoice59,0.99,1,track1872,DOCUMENTS
invoice59,0.99,1,track1876,DOCUMENTS
invoice59,0.99,1,track1880,DOCUMENTS
invoice59,0.99,1,track1884,DOCUMENTS
invoice59,0.99,1,track1888,DOCUMENTS
invoice59,0.99,1,track1892,DOCUMENTS
invoice60,0.99,1,track1898,DOCUMENTS
invoice60,0.99,1,track1904,DOCUMENTS
invoice60,0.99,1,track1910,DOCUMENTS
invoice60,0.99,1,track1916,DOCUMENTS
invoice60,0.99,1,track1922,DOCUMENTS
invoice60,0.99,1,track1928,DOCUMENTS
invoice60,0.99,1,track1934,DOCUMENTS
invoice60,0.99,1,track1940,DOCUMENTS
invoice60,0.99,1,track1946,DOCUMENTS
invoice61,0.99,1,track1955,DOCUMENTS
invoice61,0.99,1,track1964,DOCUMENTS
invoice61,0.99,1,track1973,DOCUMENTS
invoice61,0.99,1,track1982,DOCUMENTS
invoice61,0.99,1,track1991,DOCUMENTS
invoice61,0.99,1,track2000,DOCUMENTS
invoice61,0.99,1,track2009,DOCUMENTS
invoice61,0.99,1,track2018,DOCUMENTS
invoice61,0.99,1,track2027,DOCUMENTS
invoice61,0.99,1,track2036,DOCUMENTS
invoice61,0.99,1,track2045,DOCUMENTS
invoice61,0.99,1,track2054,DOCUMENTS
invoice61,0.99,1,track2063,DOCUMENTS
invoice61,0.99,1,track2072,DOCUMENTS
invoice62,0.99,1,track2086,DOCUMENTS
invoice63,0.99,1,track2087,DOCUMENTS
invoice63,0.99,1,track2088,DOCUMENTS
invoice64,0.99,1,track2090,DOCUMENTS
invoice64,0.99,1,track2092,DOCUMENTS
invoice65,0.99,1,track2094,DOCUMENTS
invoice65,0.99,1,track2096,DOCUMENTS
invoice65,0.99,1,track2098,DOCUMENTS
invoice65,0.99,1,track2100,DOCUMENTS
invoice66,0.99,1,track2104,DOCUMENTS
invoice66,0.99,1,track2108,DOCUMENTS
invoice66,0.99,1,track2112,DOCUMENTS
invoice66,0.99,1,track2116,DOCUMENTS
invoice66,0.99,1,track2120,DOCUMENTS
invoice66,0.99,1,track2124,DOCUMENTS
invoice67,0.99,1,track2130,DOCUMENTS
invoice67,0.99,1,track2136,DOCUMENTS
invoice67,0.99,1,track2142,DOCUMENTS
invoice67,0.99,1,track2148,DOCUMENTS
invoice67,0.99,1,track2154,DOCUMENTS
invoice67,0.99,1,track2160,DOCUMENTS
invoice67,0.99,1,track2166,DOCUMENTS
invoice67,0.99,1,track2172,DOCUMENTS
invoice67,0.99,1,track2178,DOCUMENTS
invoice68,0.99,1,track2187,DOCUMENTS
invoice68,0.99,1,track2196,DOCUMENTS
invoice68,0.99,1,track2205,DOCUMENTS
invoice68,0.99,1,track2214,DOCUMENTS
invoice68,0.99,1,track2223,DOCUMENTS
invoice68,0.99,1,track2232,DOCUMENTS
invoice68,0.99,1,track2241,DOCUMENTS
invoice68,0.99,1,track2250,DOCUMENTS
invoice68,0.99,1,track2259,DOCUMENTS
invoice68,0.99,1,track2268,DOCUMENTS
invoice68,0.99,1,track2277,DOCUMENTS
invoice68,0.99,1,track2286,DOCUMENTS
invoice68,0.99,1,track2295,DOCUMENTS
invoice68,0.99,1,track2304,DOCUMENTS
invoice69,0.99,1,track2318,DOCUMENTS
invoice70,0.99,1,track2319,DOCUMENTS
invoice70,0.99,1,track2320,DOCUMENTS
invoice71,0.99,1,track2322,DOCUMENTS
invoice71,0.99,1,track2324,DOCUMENTS
invoice72,0.99,1,track2326,DOCUMENTS
invoice72,0.99,1,track2328,DOCUMENTS
invoice72,0.99,1,track2330,DOCUMENTS
invoice72,0.99,1,track2332,DOCUMENTS
invoice73,0.99,1,track2336,DOCUMENTS
invoice73,0.99,1,track2340,DOCUMENTS
invoice73,0.99,1,track2344,DOCUMENTS
invoice73,0.99,1,track2348,DOCUMENTS
invoice73,0.99,1,track2352,DOCUMENTS
invoice73,0.99,1,track2356,DOCUMENTS
invoice74,0.99,1,track2362,DOCUMENTS
invoice74,0.99,1,track2368,DOCUMENTS
invoice74,0.99,1,track2374,DOCUMENTS
invoice74,0.99,1,track2380,DOCUMENTS
invoice74,0.99,1,track2386,DOCUMENTS
invoice74,0.99,1,track2392,DOCUMENTS
invoice74,0.99,1,track2398,DOCUMENTS
invoice74,0.99,1,track2404,DOCUMENTS
invoice74,0.99,1,track2410,DOCUMENTS
invoice75,0.99,1,track2419,DOCUMENTS
invoice75,0.99,1,track2428,DOCUMENTS
invoice75,0.99,1,track2437,DOCUMENTS
invoice75,0.99,1,track2446,DOCUMENTS
invoice75,0.99,1,track2455,DOCUMENTS
invoice75,0.99,1,track2464,DOCUMENTS
invoice75,0.99,1,track2473,DOCUMENTS
invoice75,0.99,1,track2482,DOCUMENTS
invoice75,0.99,1,track2491,DOCUMENTS
invoice75,0.99,1,track2500,DOCUMENTS
invoice75,0.99,1,track2509,DOCUMENTS
invoice75,0.99,1,track2518,DOCUMENTS
invoice75,0.99,1,track2527,DOCUMENTS
invoice75,0.99,1,track2536,DOCUMENTS
invoice76,0.99,1,track2550,DOCUMENTS
invoice77,0.99,1,track2551,DOCUMENTS
invoice77,0.99,1,track2552,DOCUMENTS
invoice78,0.99,1,track2554,DOCUMENTS
invoice78,0.99,1,track2556,DOCUMENTS
invoice79,0.99,1,track2558,DOCUMENTS
invoice79,0.99,1,track2560,DOCUMENTS
invoice79,0.99,1,track2562,DOCUMENTS
invoice79,0.99,1,track2564,DOCUMENTS
invoice80,0.99,1,track2568,DOCUMENTS
invoice80,0.99,1,track2572,DOCUMENTS
invoice80,0.99,1,track2576,DOCUMENTS
invoice80,0.99,1,track2580,DOCUMENTS
invoice80,0.99,1,track2584,DOCUMENTS
invoice80,0.99,1,track2588,DOCUMENTS
invoice81,0.99,1,track2594,DOCUMENTS
invoice81,0.99,1,track2600,DOCUMENTS
invoice81,0.99,1,track2606,DOCUMENTS
invoice81,0.99,1,track2612,DOCUMENTS
invoice81,0.99,1,track2618,DOCUMENTS
invoice81,0.99,1,track2624,DOCUMENTS
invoice81,0.99,1,track2630,DOCUMENTS
invoice81,0.99,1,track2636,DOCUMENTS
invoice81,0.99,1,track2642,DOCUMENTS
invoice82,0.99,1,track2651,DOCUMENTS
invoice82,0.99,1,track2660,DOCUMENTS
invoice82,0.99,1,track2669,DOCUMENTS
invoice82,0.99,1,track2678,DOCUMENTS
invoice82,0.99,1,track2687,DOCUMENTS
invoice82,0.99,1,track2696,DOCUMENTS
invoice82,0.99,1,track2705,DOCUMENTS
invoice82,0.99,1,track2714,DOCUMENTS
invoice82,0.99,1,track2723,DOCUMENTS
invoice82,0.99,1,track2732,DOCUMENTS
invoice82,0.99,1,track2741,DOCUMENTS
invoice82,0.99,1,track2750,DOCUMENTS
invoice82,0.99,1,track2759,DOCUMENTS
invoice82,0.99,1,track2768,DOCUMENTS
invoice83,0.99,1,track2782,DOCUMENTS
invoice84,0.99,1,track2783,DOCUMENTS
invoice84,0.99,1,track2784,DOCUMENTS
invoice85,0.99,1,track2786,DOCUMENTS
invoice85,0.99,1,track2788,DOCUMENTS
invoice86,0.99,1,track2790,DOCUMENTS
invoice86,0.99,1,track2792,DOCUMENTS
invoice86,0.99,1,track2794,DOCUMENTS
invoice86,0.99,1,track2796,DOCUMENTS
invoice87,0.99,1,track2800,DOCUMENTS
invoice87,0.99,1,track2804,DOCUMENTS
invoice87,0.99,1,track2808,DOCUMENTS
invoice87,0.99,1,track2812,DOCUMENTS
invoice87,0.99,1,track2816,DOCUMENTS
invoice87,1.99,1,track2820,DOCUMENTS
invoice88,1.99,1,track2826,DOCUMENTS
invoice88,1.99,1,track2832,DOCUMENTS
invoice88,1.99,1,track2838,DOCUMENTS
invoice88,1.99,1,track2844,DOCUMENTS
invoice88,1.99,1,track2850,DOCUMENTS
invoice88,1.99,1,track2856,DOCUMENTS
invoice88,1.99,1,track2862,DOCUMENTS
invoice88,1.99,1,track2868,DOCUMENTS
invoice88,1.99,1,track2874,DOCUMENTS
invoice89,1.99,1,track2883,DOCUMENTS
invoice89,1.99,1,track2892,DOCUMENTS
invoice89,1.99,1,track2901,DOCUMENTS
invoice89,1.99,1,track2910,DOCUMENTS
invoice89,1.99,1,track2919,DOCUMENTS
invoice89,0.99,1,track2928,DOCUMENTS
invoice89,0.99,1,track2937,DOCUMENTS
invoice89,0.99,1,track2946,DOCUMENTS
invoice89,0.99,1,track2955,DOCUMENTS
invoice89,0.99,1,track2964,DOCUMENTS
invoice89,0.99,1,track2973,DOCUMENTS
invoice89,0.99,1,track2982,DOCUMENTS
invoice89,0.99,1,track2991,DOCUMENTS
invoice89,0.99,1,track3000,DOCUMENTS
invoice90,0.99,1,track3014,DOCUMENTS
invoice91,0.99,1,track3015,DOCUMENTS
invoice91,0.99,1,track3016,DOCUMENTS
invoice92,0.99,1,track3018,DOCUMENTS
invoice92,0.99,1,track3020,DOCUMENTS
invoice93,0.99,1,track3022,DOCUMENTS
invoice93,0.99,1,track3024,DOCUMENTS
invoice93,0.99,1,track3026,DOCUMENTS
invoice93,0.99,1,track3028,DOCUMENTS
invoice94,0.99,1,track3032,DOCUMENTS
invoice94,0.99,1,track3036,DOCUMENTS
invoice94,0.99,1,track3040,DOCUMENTS
invoice94,0.99,1,track3044,DOCUMENTS
invoice94,0.99,1,track3048,DOCUMENTS
invoice94,0.99,1,track3052,DOCUMENTS
invoice95,0.99,1,track3058,DOCUMENTS
invoice95,0.99,1,track3064,DOCUMENTS
invoice95,0.99,1,track3070,DOCUMENTS
invoice95,0.99,1,track3076,DOCUMENTS
invoice95,0.99,1,track3082,DOCUMENTS
invoice95,0.99,1,track3088,DOCUMENTS
invoice95,0.99,1,track3094,DOCUMENTS
invoice95,0.99,1,track3100,DOCUMENTS
invoice95,0.99,1,track3106,DOCUMENTS
invoice96,0.99,1,track3115,DOCUMENTS
invoice96,0.99,1,track3124,DOCUMENTS
invoice96,0.99,1,track3133,DOCUMENTS
invoice96,0.99,1,track3142,DOCUMENTS
invoice96,0.99,1,track3151,DOCUMENTS
invoice96,0.99,1,track3160,DOCUMENTS
invoice96,1.99,1,track3169,DOCUMENTS
invoice96,1.99,1,track3178,DOCUMENTS
invoice96,1.99,1,track3187,DOCUMENTS
invoice96,1.99,1,track3196,DOCUMENTS
invoice96,1.99,1,track3205,DOCUMENTS
invoice96,1.99,1,track3214,DOCUMENTS
invoice96,1.99,1,track3223,DOCUMENTS
invoice96,1.99,1,track3232,DOCUMENTS
invoice97,1.99,1,track3246,DOCUMENTS
invoice98,1.99,1,track3247,DOCUMENTS
invoice98,1.99,1,track3248,DOCUMENTS
invoice99,1.99,1,track3250,DOCUMENTS
invoice99,1.99,1,track3252,DOCUMENTS
invoice100,0.99,1,track3254,DOCUMENTS
invoice100,0.99,1,track3256,DOCUMENTS
invoice100,0.99,1,track3258,DOCUMENTS
invoice100,0.99,1,track3260,DOCUMENTS
invoice101,0.99,1,track3264,DOCUMENTS
invoice101,0.99,1,track3268,DOCUMENTS
invoice101,0.99,1,track3272,DOCUMENTS
invoice101,0.99,1,track3276,DOCUMENTS
invoice101,0.99,1,track3280,DOCUMENTS
invoice101,0.99,1,track3284,DOCUMENTS
invoice102,0.99,1,track3290,DOCUMENTS
invoice102,0.99,1,track3296,DOCUMENTS
invoice102,0.99,1,track3302,DOCUMENTS
invoice102,0.99,1,track3308,DOCUMENTS
invoice102,0.99,1,track3314,DOCUMENTS
invoice102,0.99,1,track3320,DOCUMENTS
invoice102,0.99,1,track3326,DOCUMENTS
invoice102,0.99,1,track3332,DOCUMENTS
invoice102,1.99,1,track3338,DOCUMENTS
invoice103,1.99,1,track3347,DOCUMENTS
invoice103,0.99,1,track3356,DOCUMENTS
invoice103,0.99,1,track3365,DOCUMENTS
invoice103,0.99,1,track3374,DOCUMENTS
invoice103,0.99,1,track3383,DOCUMENTS
invoice103,0.99,1,track3392,DOCUMENTS
invoice103,0.99,1,track3401,DOCUMENTS
invoice103,0.99,1,track3410,DOCUMENTS
invoice103,0.99,1,track3419,DOCUMENTS
invoice103,1.99,1,track3428,DOCUMENTS
invoice103,0.99,1,track3437,DOCUMENTS
invoice103,0.99,1,track3446,DOCUMENTS
invoice103,0.99,1,track3455,DOCUMENTS
invoice103,0.99,1,track3464,DOCUMENTS
invoice104,0.99,1,track3478,DOCUMENTS
invoice105,0.99,1,track3479,DOCUMENTS
invoice105,0.99,1,track3480,DOCUMENTS
invoice106,0.99,1,track3482,DOCUMENTS
invoice106,0.99,1,track3484,DOCUMENTS
invoice107,0.99,1,track3486,DOCUMENTS
invoice107,0.99,1,track3488,DOCUMENTS
invoice107,0.99,1,track3490,DOCUMENTS
invoice107,0.99,1,track3492,DOCUMENTS
invoice108,0.99,1,track3496,DOCUMENTS
invoice108,0.99,1,track3500,DOCUMENTS
invoice108,0.99,1,track1,DOCUMENTS
invoice108,0.99,1,track5,DOCUMENTS
invoice108,0.99,1,track9,DOCUMENTS
invoice108,0.99,1,track13,DOCUMENTS
invoice109,0.99,1,track19,DOCUMENTS
invoice109,0.99,1,track25,DOCUMENTS
invoice109,0.99,1,track31,DOCUMENTS
invoice109,0.99,1,track37,DOCUMENTS
invoice109,0.99,1,track43,DOCUMENTS
invoice109,0.99,1,track49,DOCUMENTS
invoice109,0.99,1,track55,DOCUMENTS
invoice109,0.99,1,track61,DOCUMENTS
invoice109,0.99,1,track67,DOCUMENTS
invoice110,0.99,1,track76,DOCUMENTS
invoice110,0.99,1,track85,DOCUMENTS
invoice110,0.99,1,track94,DOCUMENTS
invoice110,0.99,1,track103,DOCUMENTS
invoice110,0.99,1,track112,DOCUMENTS
invoice110,0.99,1,track121,DOCUMENTS
invoice110,0.99,1,track130,DOCUMENTS
invoice110,0.99,1,track139,DOCUMENTS
invoice110,0.99,1,track148,DOCUMENTS
invoice110,0.99,1,track157,DOCUMENTS
invoice110,0.99,1,track166,DOCUMENTS
invoice110,0.99,1,track175,DOCUMENTS
invoice110,0.99,1,track184,DOCUMENTS
invoice110,0.99,1,track193,DOCUMENTS
invoice111,0.99,1,track207,DOCUMENTS
invoice112,0.99,1,track208,DOCUMENTS
invoice112,0.99,1,track209,DOCUMENTS
invoice113,0.99,1,track211,DOCUMENTS
invoice113,0.99,1,track213,DOCUMENTS
invoice114,0.99,1,track215,DOCUMENTS
invoice114,0.99,1,track217,DOCUMENTS
invoice114,0.99,1,track219,DOCUMENTS
invoice114,0.99,1,track221,DOCUMENTS
invoice115,0.99,1,track225,DOCUMENTS
invoice115,0.99,1,track229,DOCUMENTS
invoice115,0.99,1,track233,DOCUMENTS
invoice115,0.99,1,track237,DOCUMENTS
invoice115,0.99,1,track241,DOCUMENTS
invoice115,0.99,1,track245,DOCUMENTS
invoice116,0.99,1,track251,DOCUMENTS
invoice116,0.99,1,track257,DOCUMENTS
invoice116,0.99,1,track263,DOCUMENTS
invoice116,0.99,1,track269,DOCUMENTS
invoice116,0.99,1,track275,DOCUMENTS
invoice116,0.99,1,track281,DOCUMENTS
invoice116,0.99,1,track287,DOCUMENTS
invoice116,0.99,1,track293,DOCUMENTS
invoice116,0.99,1,track299,DOCUMENTS
invoice117,0.99,1,track308,DOCUMENTS
invoice117,0.99,1,track317,DOCUMENTS
invoice117,0.99,1,track326,DOCUMENTS
invoice117,0.99,1,track335,DOCUMENTS
invoice117,0.99,1,track344,DOCUMENTS
invoice117,0.99,1,track353,DOCUMENTS
invoice117,0.99,1,track362,DOCUMENTS
invoice117,0.99,1,track371,DOCUMENTS
invoice117,0.99,1,track380,DOCUMENTS
invoice117,0.99,1,track389,DOCUMENTS
invoice117,0.99,1,track398,DOCUMENTS
invoice117,0.99,1,track407,DOCUMENTS
invoice117,0.99,1,track416,DOCUMENTS
invoice117,0.99,1,track425,DOCUMENTS
invoice118,0.99,1,track439,DOCUMENTS
invoice119,0.99,1,track440,DOCUMENTS
invoice119,0.99,1,track441,DOCUMENTS
invoice120,0.99,1,track443,DOCUMENTS
invoice120,0.99,1,track445,DOCUMENTS
invoice121,0.99,1,track447,DOCUMENTS
invoice121,0.99,1,track449,DOCUMENTS
invoice121,0.99,1,track451,DOCUMENTS
invoice121,0.99,1,track453,DOCUMENTS
invoice122,0.99,1,track457,DOCUMENTS
invoice122,0.99,1,track461,DOCUMENTS
invoice122,0.99,1,track465,DOCUMENTS
invoice122,0.99,1,track469,DOCUMENTS
invoice122,0.99,1,track473,DOCUMENTS
invoice122,0.99,1,track477,DOCUMENTS
invoice123,0.99,1,track483,DOCUMENTS
invoice123,0.99,1,track489,DOCUMENTS
invoice123,0.99,1,track495,DOCUMENTS
invoice123,0.99,1,track501,DOCUMENTS
invoice123,0.99,1,track507,DOCUMENTS
invoice123,0.99,1,track513,DOCUMENTS
invoice123,0.99,1,track519,DOCUMENTS
invoice123,0.99,1,track525,DOCUMENTS
invoice123,0.99,1,track531,DOCUMENTS
invoice124,0.99,1,track540,DOCUMENTS
invoice124,0.99,1,track549,DOCUMENTS
invoice124,0.99,1,track558,DOCUMENTS
invoice124,0.99,1,track567,DOCUMENTS
invoice124,0.99,1,track576,DOCUMENTS
invoice124,0.99,1,track585,DOCUMENTS
invoice124,0.99,1,track594,DOCUMENTS
invoice124,0.99,1,track603,DOCUMENTS
invoice124,0.99,1,track612,DOCUMENTS
invoice124,0.99,1,track621,DOCUMENTS
invoice124,0.99,1,track630,DOCUMENTS
invoice124,0.99,1,track639,DOCUMENTS
invoice124,0.99,1,track648,DOCUMENTS
invoice124,0.99,1,track657,DOCUMENTS
invoice125,0.99,1,track671,DOCUMENTS
invoice126,0.99,1,track672,DOCUMENTS
invoice126,0.99,1,track673,DOCUMENTS
invoice127,0.99,1,track675,DOCUMENTS
invoice127,0.99,1,track677,DOCUMENTS
invoice128,0.99,1,track679,DOCUMENTS
invoice128,0.99,1,track681,DOCUMENTS
invoice128,0.99,1,track683,DOCUMENTS
invoice128,0.99,1,track685,DOCUMENTS
invoice129,0.99,1,track689,DOCUMENTS
invoice129,0.99,1,track693,DOCUMENTS
invoice129,0.99,1,track697,DOCUMENTS
invoice129,0.99,1,track701,DOCUMENTS
invoice129,0.99,1,track705,DOCUMENTS
invoice129,0.99,1,track709,DOCUMENTS
invoice130,0.99,1,track715,DOCUMENTS
invoice130,0.99,1,track721,DOCUMENTS
invoice130,0.99,1,track727,DOCUMENTS
invoice130,0.99,1,track733,DOCUMENTS
invoice130,0.99,1,track739,DOCUMENTS
invoice130,0.99,1,track745,DOCUMENTS
invoice130,0.99,1,track751,DOCUMENTS
invoice130,0.99,1,track757,DOCUMENTS
invoice130,0.99,1,track763,DOCUMENTS
invoice131,0.99,1,track772,DOCUMENTS
invoice131,0.99,1,track781,DOCUMENTS
invoice131,0.99,1,track790,DOCUMENTS
invoice131,0.99,1,track799,DOCUMENTS
invoice131,0.99,1,track808,DOCUMENTS
invoice131,0.99,1,track817,DOCUMENTS
invoice131,0.99,1,track826,DOCUMENTS
invoice131,0.99,1,track835,DOCUMENTS
invoice131,0.99,1,track844,DOCUMENTS
invoice131,0.99,1,track853,DOCUMENTS
invoice131,0.99,1,track862,DOCUMENTS
invoice131,0.99,1,track871,DOCUMENTS
invoice131,0.99,1,track880,DOCUMENTS
invoice131,0.99,1,track889,DOCUMENTS
invoice132,0.99,1,track903,DOCUMENTS
invoice133,0.99,1,track904,DOCUMENTS
invoice133,0.99,1,track905,DOCUMENTS
invoice134,0.99,1,track907,DOCUMENTS
invoice134,0.99,1,track909,DOCUMENTS
invoice135,0.99,1,track911,DOCUMENTS
invoice135,0.99,1,track913,DOCUMENTS
invoice135,0.99,1,track915,DOCUMENTS
invoice135,0.99,1,track917,DOCUMENTS
invoice136,0.99,1,track921,DOCUMENTS
invoice136,0.99,1,track925,DOCUMENTS
invoice136,0.99,1,track929,DOCUMENTS
invoice136,0.99,1,track933,DOCUMENTS
invoice136,0.99,1,track937,DOCUMENTS
invoice136,0.99,1,track941,DOCUMENTS
invoice137,0.99,1,track947,DOCUMENTS
invoice137,0.99,1,track953,DOCUMENTS
invoice137,0.99,1,track959,DOCUMENTS
invoice137,0.99,1,track965,DOCUMENTS
invoice137,0.99,1,track971,DOCUMENTS
invoice137,0.99,1,track977,DOCUMENTS
invoice137,0.99,1,track983,DOCUMENTS
invoice137,0.99,1,track989,DOCUMENTS
invoice137,0.99,1,track995,DOCUMENTS
invoice138,0.99,1,track1004,DOCUMENTS
invoice138,0.99,1,track1013,DOCUMENTS
invoice138,0.99,1,track1022,DOCUMENTS
invoice138,0.99,1,track1031,DOCUMENTS
invoice138,0.99,1,track1040,DOCUMENTS
invoice138,0.99,1,track1049,DOCUMENTS
invoice138,0.99,1,track1058,DOCUMENTS
invoice138,0.99,1,track1067,DOCUMENTS
invoice138,0.99,1,track1076,DOCUMENTS
invoice138,0.99,1,track1085,DOCUMENTS
invoice138,0.99,1,track1094,DOCUMENTS
invoice138,0.99,1,track1103,DOCUMENTS
invoice138,0.99,1,track1112,DOCUMENTS
invoice138,0.99,1,track1121,DOCUMENTS
invoice139,0.99,1,track1135,DOCUMENTS
invoice140,0.99,1,track1136,DOCUMENTS
invoice140,0.99,1,track1137,DOCUMENTS
invoice141,0.99,1,track1139,DOCUMENTS
invoice141,0.99,1,track1141,DOCUMENTS
invoice142,0.99,1,track1143,DOCUMENTS
invoice142,0.99,1,track1145,DOCUMENTS
invoice142,0.99,1,track1147,DOCUMENTS
invoice142,0.99,1,track1149,DOCUMENTS
invoice143,0.99,1,track1153,DOCUMENTS
invoice143,0.99,1,track1157,DOCUMENTS
invoice143,0.99,1,track1161,DOCUMENTS
invoice143,0.99,1,track1165,DOCUMENTS
invoice143,0.99,1,track1169,DOCUMENTS
invoice143,0.99,1,track1173,DOCUMENTS
invoice144,0.99,1,track1179,DOCUMENTS
invoice144,0.99,1,track1185,DOCUMENTS
invoice144,0.99,1,track1191,DOCUMENTS
invoice144,0.99,1,track1197,DOCUMENTS
invoice144,0.99,1,track1203,DOCUMENTS
invoice144,0.99,1,track1209,DOCUMENTS
invoice144,0.99,1,track1215,DOCUMENTS
invoice144,0.99,1,track1221,DOCUMENTS
invoice144,0.99,1,track1227,DOCUMENTS
invoice145,0.99,1,track1236,DOCUMENTS
invoice145,0.99,1,track1245,DOCUMENTS
invoice145,0.99,1,track1254,DOCUMENTS
invoice145,0.99,1,track1263,DOCUMENTS
invoice145,0.99,1,track1272,DOCUMENTS
invoice145,0.99,1,track1281,DOCUMENTS
invoice145,0.99,1,track1290,DOCUMENTS
invoice145,0.99,1,track1299,DOCUMENTS
invoice145,0.99,1,track1308,DOCUMENTS
invoice145,0.99,1,track1317,DOCUMENTS
invoice145,0.99,1,track1326,DOCUMENTS
invoice145,0.99,1,track1335,DOCUMENTS
invoice145,0.99,1,track1344,DOCUMENTS
invoice145,0.99,1,track1353,DOCUMENTS
invoice146,0.99,1,track1367,DOCUMENTS
invoice147,0.99,1,track1368,DOCUMENTS
invoice147,0.99,1,track1369,DOCUMENTS
invoice148,0.99,1,track1371,DOCUMENTS
invoice148,0.99,1,track1373,DOCUMENTS
invoice149,0.99,1,track1375,DOCUMENTS
invoice149,0.99,1,track1377,DOCUMENTS
invoice149,0.99,1,track1379,DOCUMENTS
invoice149,0.99,1,track1381,DOCUMENTS
invoice150,0.99,1,track1385,DOCUMENTS
invoice150,0.99,1,track1389,DOCUMENTS
invoice150,0.99,1,track1393,DOCUMENTS
invoice150,0.99,1,track1397,DOCUMENTS
invoice150,0.99,1,track1401,DOCUMENTS
invoice150,0.99,1,track1405,DOCUMENTS
invoice151,0.99,1,track1411,DOCUMENTS
invoice151,0.99,1,track1417,DOCUMENTS
invoice151,0.99,1,track1423,DOCUMENTS
invoice151,0.99,1,track1429,DOCUMENTS
invoice151,0.99,1,track1435,DOCUMENTS
invoice151,0.99,1,track1441,DOCUMENTS
invoice151,0.99,1,track1447,DOCUMENTS
invoice151,0.99,1,track1453,DOCUMENTS
invoice151,0.99,1,track1459,DOCUMENTS
invoice152,0.99,1,track1468,DOCUMENTS
invoice152,0.99,1,track1477,DOCUMENTS
invoice152,0.99,1,track1486,DOCUMENTS
invoice152,0.99,1,track1495,DOCUMENTS
invoice152,0.99,1,track1504,DOCUMENTS
invoice152,0.99,1,track1513,DOCUMENTS
invoice152,0.99,1,track1522,DOCUMENTS
invoice152,0.99,1,track1531,DOCUMENTS
invoice152,0.99,1,track1540,DOCUMENTS
invoice152,0.99,1,track1549,DOCUMENTS
invoice152,0.99,1,track1558,DOCUMENTS
invoice152,0.99,1,track1567,DOCUMENTS
invoice152,0.99,1,track1576,DOCUMENTS
invoice152,0.99,1,track1585,DOCUMENTS
invoice153,0.99,1,track1599,DOCUMENTS
invoice154,0.99,1,track1600,DOCUMENTS
invoice154,0.99,1,track1601,DOCUMENTS
invoice155,0.99,1,track1603,DOCUMENTS
invoice155,0.99,1,track1605,DOCUMENTS
invoice156,0.99,1,track1607,DOCUMENTS
invoice156,0.99,1,track1609,DOCUMENTS
invoice156,0.99,1,track1611,DOCUMENTS
invoice156,0.99,1,track1613,DOCUMENTS
invoice157,0.99,1,track1617,DOCUMENTS
invoice157,0.99,1,track1621,DOCUMENTS
invoice157,0.99,1,track1625,DOCUMENTS
invoice157,0.99,1,track1629,DOCUMENTS
invoice157,0.99,1,track1633,DOCUMENTS
invoice157,0.99,1,track1637,DOCUMENTS
invoice158,0.99,1,track1643,DOCUMENTS
invoice158,0.99,1,track1649,DOCUMENTS
invoice158,0.99,1,track1655,DOCUMENTS
invoice158,0.99,1,track1661,DOCUMENTS
invoice158,0.99,1,track1667,DOCUMENTS
invoice158,0.99,1,track1673,DOCUMENTS
invoice158,0.99,1,track1679,DOCUMENTS
invoice158,0.99,1,track1685,DOCUMENTS
invoice158,0.99,1,track1691,DOCUMENTS
invoice159,0.99,1,track1700,DOCUMENTS
invoice159,0.99,1,track1709,DOCUMENTS
invoice159,0.99,1,track1718,DOCUMENTS
invoice159,0.99,1,track1727,DOCUMENTS
invoice159,0.99,1,track1736,DOCUMENTS
invoice159,0.99,1,track1745,DOCUMENTS
invoice159,0.99,1,track1754,DOCUMENTS
invoice159,0.99,1,track1763,DOCUMENTS
invoice159,0.99,1,track1772,DOCUMENTS
invoice159,0.99,1,track1781,DOCUMENTS
invoice159,0.99,1,track1790,DOCUMENTS
invoice159,0.99,1,track1799,DOCUMENTS
invoice159,0.99,1,track1808,DOCUMENTS
invoice159,0.99,1,track1817,DOCUMENTS
invoice160,0.99,1,track1831,DOCUMENTS
invoice161,0.99,1,track1832,DOCUMENTS
invoice161,0.99,1,track1833,DOCUMENTS
invoice162,0.99,1,track1835,DOCUMENTS
invoice162,0.99,1,track1837,DOCUMENTS
invoice163,0.99,1,track1839,DOCUMENTS
invoice163,0.99,1,track1841,DOCUMENTS
invoice163,0.99,1,track1843,DOCUMENTS
invoice163,0.99,1,track1845,DOCUMENTS
invoice164,0.99,1,track1849,DOCUMENTS
invoice164,0.99,1,track1853,DOCUMENTS
invoice164,0.99,1,track1857,DOCUMENTS
invoice164,0.99,1,track1861,DOCUMENTS
invoice164,0.99,1,track1865,DOCUMENTS
invoice164,0.99,1,track1869,DOCUMENTS
invoice165,0.99,1,track1875,DOCUMENTS
invoice165,0.99,1,track1881,DOCUMENTS
invoice165,0.99,1,track1887,DOCUMENTS
invoice165,0.99,1,track1893,DOCUMENTS
invoice165,0.99,1,track1899,DOCUMENTS
invoice165,0.99,1,track1905,DOCUMENTS
invoice165,0.99,1,track1911,DOCUMENTS
invoice165,0.99,1,track1917,DOCUMENTS
invoice165,0.99,1,track1923,DOCUMENTS
invoice166,0.99,1,track1932,DOCUMENTS
invoice166,0.99,1,track1941,DOCUMENTS
invoice166,0.99,1,track1950,DOCUMENTS
invoice166,0.99,1,track1959,DOCUMENTS
invoice166,0.99,1,track1968,DOCUMENTS
invoice166,0.99,1,track1977,DOCUMENTS
invoice166,0.99,1,track1986,DOCUMENTS
invoice166,0.99,1,track1995,DOCUMENTS
invoice166,0.99,1,track2004,DOCUMENTS
invoice166,0.99,1,track2013,DOCUMENTS
invoice166,0.99,1,track2022,DOCUMENTS
invoice166,0.99,1,track2031,DOCUMENTS
invoice166,0.99,1,track2040,DOCUMENTS
invoice166,0.99,1,track2049,DOCUMENTS
invoice167,0.99,1,track2063,DOCUMENTS
invoice168,0.99,1,track2064,DOCUMENTS
invoice168,0.99,1,track2065,DOCUMENTS
invoice169,0.99,1,track2067,DOCUMENTS
invoice169,0.99,1,track2069,DOCUMENTS
invoice170,0.99,1,track2071,DOCUMENTS
invoice170,0.99,1,track2073,DOCUMENTS
invoice170,0.99,1,track2075,DOCUMENTS
invoice170,0.99,1,track2077,DOCUMENTS
invoice171,0.99,1,track2081,DOCUMENTS
invoice171,0.99,1,track2085,DOCUMENTS
invoice171,0.99,1,track2089,DOCUMENTS
invoice171,0.99,1,track2093,DOCUMENTS
invoice171,0.99,1,track2097,DOCUMENTS
invoice171,0.99,1,track2101,DOCUMENTS
invoice172,0.99,1,track2107,DOCUMENTS
invoice172,0.99,1,track2113,DOCUMENTS
invoice172,0.99,1,track2119,DOCUMENTS
invoice172,0.99,1,track2125,DOCUMENTS
invoice172,0.99,1,track2131,DOCUMENTS
invoice172,0.99,1,track2137,DOCUMENTS
invoice172,0.99,1,track2143,DOCUMENTS
invoice172,0.99,1,track2149,DOCUMENTS
invoice172,0.99,1,track2155,DOCUMENTS
invoice173,0.99,1,track2164,DOCUMENTS
invoice173,0.99,1,track2173,DOCUMENTS
invoice173,0.99,1,track2182,DOCUMENTS
invoice173,0.99,1,track2191,DOCUMENTS
invoice173,0.99,1,track2200,DOCUMENTS
invoice173,0.99,1,track2209,DOCUMENTS
invoice173,0.99,1,track2218,DOCUMENTS
invoice173,0.99,1,track2227,DOCUMENTS
invoice173,0.99,1,track2236,DOCUMENTS
invoice173,0.99,1,track2245,DOCUMENTS
invoice173,0.99,1,track2254,DOCUMENTS
invoice173,0.99,1,track2263,DOCUMENTS
invoice173,0.99,1,track2272,DOCUMENTS
invoice173,0.99,1,track2281,DOCUMENTS
invoice174,0.99,1,track2295,DOCUMENTS
invoice175,0.99,1,track2296,DOCUMENTS
invoice175,0.99,1,track2297,DOCUMENTS
invoice176,0.99,1,track2299,DOCUMENTS
invoice176,0.99,1,track2301,DOCUMENTS
invoice177,0.99,1,track2303,DOCUMENTS
invoice177,0.99,1,track2305,DOCUMENTS
invoice177,0.99,1,track2307,DOCUMENTS
invoice177,0.99,1,track2309,DOCUMENTS
invoice178,0.99,1,track2313,DOCUMENTS
invoice178,0.99,1,track2317,DOCUMENTS
invoice178,0.99,1,track2321,DOCUMENTS
invoice178,0.99,1,track2325,DOCUMENTS
invoice178,0.99,1,track2329,DOCUMENTS
invoice178,0.99,1,track2333,DOCUMENTS
invoice179,0.99,1,track2339,DOCUMENTS
invoice179,0.99,1,track2345,DOCUMENTS
invoice179,0.99,1,track2351,DOCUMENTS
invoice179,0.99,1,track2357,DOCUMENTS
invoice179,0.99,1,track2363,DOCUMENTS
invoice179,0.99,1,track2369,DOCUMENTS
invoice179,0.99,1,track2375,DOCUMENTS
invoice179,0.99,1,track2381,DOCUMENTS
invoice179,0.99,1,track2387,DOCUMENTS
invoice180,0.99,1,track2396,DOCUMENTS
invoice180,0.99,1,track2405,DOCUMENTS
invoice180,0.99,1,track2414,DOCUMENTS
invoice180,0.99,1,track2423,DOCUMENTS
invoice180,0.99,1,track2432,DOCUMENTS
invoice180,0.99,1,track2441,DOCUMENTS
invoice180,0.99,1,track2450,DOCUMENTS
invoice180,0.99,1,track2459,DOCUMENTS
invoice180,0.99,1,track2468,DOCUMENTS
invoice180,0.99,1,track2477,DOCUMENTS
invoice180,0.99,1,track2486,DOCUMENTS
invoice180,0.99,1,track2495,DOCUMENTS
invoice180,0.99,1,track2504,DOCUMENTS
invoice180,0.99,1,track2513,DOCUMENTS
invoice181,0.99,1,track2527,DOCUMENTS
invoice182,0.99,1,track2528,DOCUMENTS
invoice182,0.99,1,track2529,DOCUMENTS
invoice183,0.99,1,track2531,DOCUMENTS
invoice183,0.99,1,track2533,DOCUMENTS
invoice184,0.99,1,track2535,DOCUMENTS
invoice184,0.99,1,track2537,DOCUMENTS
invoice184,0.99,1,track2539,DOCUMENTS
invoice184,0.99,1,track2541,DOCUMENTS
invoice185,0.99,1,track2545,DOCUMENTS
invoice185,0.99,1,track2549,DOCUMENTS
invoice185,0.99,1,track2553,DOCUMENTS
invoice185,0.99,1,track2557,DOCUMENTS
invoice185,0.99,1,track2561,DOCUMENTS
invoice185,0.99,1,track2565,DOCUMENTS
invoice186,0.99,1,track2571,DOCUMENTS
invoice186,0.99,1,track2577,DOCUMENTS
invoice186,0.99,1,track2583,DOCUMENTS
invoice186,0.99,1,track2589,DOCUMENTS
invoice186,0.99,1,track2595,DOCUMENTS
invoice186,0.99,1,track2601,DOCUMENTS
invoice186,0.99,1,track2607,DOCUMENTS
invoice186,0.99,1,track2613,DOCUMENTS
invoice186,0.99,1,track2619,DOCUMENTS
invoice187,0.99,1,track2628,DOCUMENTS
invoice187,0.99,1,track2637,DOCUMENTS
invoice187,0.99,1,track2646,DOCUMENTS
invoice187,0.99,1,track2655,DOCUMENTS
invoice187,0.99,1,track2664,DOCUMENTS
invoice187,0.99,1,track2673,DOCUMENTS
invoice187,0.99,1,track2682,DOCUMENTS
invoice187,0.99,1,track2691,DOCUMENTS
invoice187,0.99,1,track2700,DOCUMENTS
invoice187,0.99,1,track2709,DOCUMENTS
invoice187,0.99,1,track2718,DOCUMENTS
invoice187,0.99,1,track2727,DOCUMENTS
invoice187,0.99,1,track2736,DOCUMENTS
invoice187,0.99,1,track2745,DOCUMENTS
invoice188,0.99,1,track2759,DOCUMENTS
invoice189,0.99,1,track2760,DOCUMENTS
invoice189,0.99,1,track2761,DOCUMENTS
invoice190,0.99,1,track2763,DOCUMENTS
invoice190,0.99,1,track2765,DOCUMENTS
invoice191,0.99,1,track2767,DOCUMENTS
invoice191,0.99,1,track2769,DOCUMENTS
invoice191,0.99,1,track2771,DOCUMENTS
invoice191,0.99,1,track2773,DOCUMENTS
invoice192,0.99,1,track2777,DOCUMENTS
invoice192,0.99,1,track2781,DOCUMENTS
invoice192,0.99,1,track2785,DOCUMENTS
invoice192,0.99,1,track2789,DOCUMENTS
invoice192,0.99,1,track2793,DOCUMENTS
invoice192,0.99,1,track2797,DOCUMENTS
invoice193,0.99,1,track2803,DOCUMENTS
invoice193,0.99,1,track2809,DOCUMENTS
invoice193,0.99,1,track2815,DOCUMENTS
invoice193,1.99,1,track2821,DOCUMENTS
invoice193,1.99,1,track2827,DOCUMENTS
invoice193,1.99,1,track2833,DOCUMENTS
invoice193,1.99,1,track2839,DOCUMENTS
invoice193,1.99,1,track2845,DOCUMENTS
invoice193,1.99,1,track2851,DOCUMENTS
invoice194,1.99,1,track2860,DOCUMENTS
invoice194,1.99,1,track2869,DOCUMENTS
invoice194,1.99,1,track2878,DOCUMENTS
invoice194,1.99,1,track2887,DOCUMENTS
invoice194,1.99,1,track2896,DOCUMENTS
invoice194,1.99,1,track2905,DOCUMENTS
invoice194,1.99,1,track2914,DOCUMENTS
invoice194,1.99,1,track2923,DOCUMENTS
invoice194,0.99,1,track2932,DOCUMENTS
invoice194,0.99,1,track2941,DOCUMENTS
invoice194,0.99,1,track2950,DOCUMENTS
invoice194,0.99,1,track2959,DOCUMENTS
invoice194,0.99,1,track2968,DOCUMENTS
invoice194,0.99,1,track2977,DOCUMENTS
invoice195,0.99,1,track2991,DOCUMENTS
invoice196,0.99,1,track2992,DOCUMENTS
invoice196,0.99,1,track2993,DOCUMENTS
invoice197,0.99,1,track2995,DOCUMENTS
invoice197,0.99,1,track2997,DOCUMENTS
invoice198,0.99,1,track2999,DOCUMENTS
invoice198,0.99,1,track3001,DOCUMENTS
invoice198,0.99,1,track3003,DOCUMENTS
invoice198,0.99,1,track3005,DOCUMENTS
invoice199,0.99,1,track3009,DOCUMENTS
invoice199,0.99,1,track3013,DOCUMENTS
invoice199,0.99,1,track3017,DOCUMENTS
invoice199,0.99,1,track3021,DOCUMENTS
invoice199,0.99,1,track3025,DOCUMENTS
invoice199,0.99,1,track3029,DOCUMENTS
invoice200,0.99,1,track3035,DOCUMENTS
invoice200,0.99,1,track3041,DOCUMENTS
invoice200,0.99,1,track3047,DOCUMENTS
invoice200,0.99,1,track3053,DOCUMENTS
invoice200,0.99,1,track3059,DOCUMENTS
invoice200,0.99,1,track3065,DOCUMENTS
invoice200,0.99,1,track3071,DOCUMENTS
invoice200,0.99,1,track3077,DOCUMENTS
invoice200,0.99,1,track3083,DOCUMENTS
invoice201,0.99,1,track3092,DOCUMENTS
invoice201,0.99,1,track3101,DOCUMENTS
invoice201,0.99,1,track3110,DOCUMENTS
invoice201,0.99,1,track3119,DOCUMENTS
invoice201,0.99,1,track3128,DOCUMENTS
invoice201,0.99,1,track3137,DOCUMENTS
invoice201,0.99,1,track3146,DOCUMENTS
invoice201,0.99,1,track3155,DOCUMENTS
invoice201,0.99,1,track3164,DOCUMENTS
invoice201,1.99,1,track3173,DOCUMENTS
invoice201,1.99,1,track3182,DOCUMENTS
invoice201,1.99,1,track3191,DOCUMENTS
invoice201,1.99,1,track3200,DOCUMENTS
invoice201,1.99,1,track3209,DOCUMENTS
invoice202,1.99,1,track3223,DOCUMENTS
invoice203,1.99,1,track3224,DOCUMENTS
invoice203,0.99,1,track3225,DOCUMENTS
invoice204,1.99,1,track3227,DOCUMENTS
invoice204,1.99,1,track3229,DOCUMENTS
invoice205,1.99,1,track3231,DOCUMENTS
invoice205,1.99,1,track3233,DOCUMENTS
invoice205,1.99,1,track3235,DOCUMENTS
invoice205,1.99,1,track3237,DOCUMENTS
invoice206,1.99,1,track3241,DOCUMENTS
invoice206,1.99,1,track3245,DOCUMENTS
invoice206,1.99,1,track3249,DOCUMENTS
invoice206,0.99,1,track3253,DOCUMENTS
invoice206,0.99,1,track3257,DOCUMENTS
invoice206,0.99,1,track3261,DOCUMENTS
invoice207,0.99,1,track3267,DOCUMENTS
invoice207,0.99,1,track3273,DOCUMENTS
invoice207,0.99,1,track3279,DOCUMENTS
invoice207,0.99,1,track3285,DOCUMENTS
invoice207,0.99,1,track3291,DOCUMENTS
invoice207,0.99,1,track3297,DOCUMENTS
invoice207,0.99,1,track3303,DOCUMENTS
invoice207,0.99,1,track3309,DOCUMENTS
invoice207,0.99,1,track3315,DOCUMENTS
invoice208,0.99,1,track3324,DOCUMENTS
invoice208,0.99,1,track3333,DOCUMENTS
invoice208,1.99,1,track3342,DOCUMENTS
invoice208,0.99,1,track3351,DOCUMENTS
invoice208,1.99,1,track3360,DOCUMENTS
invoice208,0.99,1,track3369,DOCUMENTS
invoice208,0.99,1,track3378,DOCUMENTS
invoice208,0.99,1,track3387,DOCUMENTS
invoice208,0.99,1,track3396,DOCUMENTS
invoice208,0.99,1,track3405,DOCUMENTS
invoice208,0.99,1,track3414,DOCUMENTS
invoice208,0.99,1,track3423,DOCUMENTS
invoice208,0.99,1,track3432,DOCUMENTS
invoice208,0.99,1,track3441,DOCUMENTS
invoice209,0.99,1,track3455,DOCUMENTS
invoice210,0.99,1,track3456,DOCUMENTS
invoice210,0.99,1,track3457,DOCUMENTS
invoice211,0.99,1,track3459,DOCUMENTS
invoice211,0.99,1,track3461,DOCUMENTS
invoice212,0.99,1,track3463,DOCUMENTS
invoice212,0.99,1,track3465,DOCUMENTS
invoice212,0.99,1,track3467,DOCUMENTS
invoice212,0.99,1,track3469,DOCUMENTS
invoice213,0.99,1,track3473,DOCUMENTS
invoice213,0.99,1,track3477,DOCUMENTS
invoice213,0.99,1,track3481,DOCUMENTS
invoice213,0.99,1,track3485,DOCUMENTS
invoice213,0.99,1,track3489,DOCUMENTS
invoice213,0.99,1,track3493,DOCUMENTS
invoice214,0.99,1,track3499,DOCUMENTS
invoice214,0.99,1,track2,DOCUMENTS
invoice214,0.99,1,track8,DOCUMENTS
invoice214,0.99,1,track14,DOCUMENTS
invoice214,0.99,1,track20,DOCUMENTS
invoice214,0.99,1,track26,DOCUMENTS
invoice214,0.99,1,track32,DOCUMENTS
invoice214,0.99,1,track38,DOCUMENTS
invoice214,0.99,1,track44,DOCUMENTS
invoice215,0.99,1,track53,DOCUMENTS
invoice215,0.99,1,track62,DOCUMENTS
invoice215,0.99,1,track71,DOCUMENTS
invoice215,0.99,1,track80,DOCUMENTS
invoice215,0.99,1,track89,DOCUMENTS
invoice215,0.99,1,track98,DOCUMENTS
invoice215,0.99,1,track107,DOCUMENTS
invoice215,0.99,1,track116,DOCUMENTS
invoice215,0.99,1,track125,DOCUMENTS
invoice215,0.99,1,track134,DOCUMENTS
invoice215,0.99,1,track143,DOCUMENTS
invoice215,0.99,1,track152,DOCUMENTS
invoice215,0.99,1,track161,DOCUMENTS
invoice215,0.99,1,track170,DOCUMENTS
invoice216,0.99,1,track184,DOCUMENTS
invoice217,0.99,1,track185,DOCUMENTS
invoice217,0.99,1,track186,DOCUMENTS
invoice218,0.99,1,track188,DOCUMENTS
invoice218,0.99,1,track190,DOCUMENTS
invoice219,0.99,1,track192,DOCUMENTS
invoice219,0.99,1,track194,DOCUMENTS
invoice219,0.99,1,track196,DOCUMENTS
invoice219,0.99,1,track198,DOCUMENTS
invoice220,0.99,1,track202,DOCUMENTS
invoice220,0.99,1,track206,DOCUMENTS
invoice220,0.99,1,track210,DOCUMENTS
invoice220,0.99,1,track214,DOCUMENTS
invoice220,0.99,1,track218,DOCUMENTS
invoice220,0.99,1,track222,DOCUMENTS
invoice221,0.99,1,track228,DOCUMENTS
invoice221,0.99,1,track234,DOCUMENTS
invoice221,0.99,1,track240,DOCUMENTS
invoice221,0.99,1,track246,DOCUMENTS
invoice221,0.99,1,track252,DOCUMENTS
invoice221,0.99,1,track258,DOCUMENTS
invoice221,0.99,1,track264,DOCUMENTS
invoice221,0.99,1,track270,DOCUMENTS
invoice221,0.99,1,track276,DOCUMENTS
invoice222,0.99,1,track285,DOCUMENTS
invoice222,0.99,1,track294,DOCUMENTS
invoice222,0.99,1,track303,DOCUMENTS
invoice222,0.99,1,track312,DOCUMENTS
invoice222,0.99,1,track321,DOCUMENTS
invoice222,0.99,1,track330,DOCUMENTS
invoice222,0.99,1,track339,DOCUMENTS
invoice222,0.99,1,track348,DOCUMENTS
invoice222,0.99,1,track357,DOCUMENTS
invoice222,0.99,1,track366,DOCUMENTS
invoice222,0.99,1,track375,DOCUMENTS
invoice222,0.99,1,track384,DOCUMENTS
invoice222,0.99,1,track393,DOCUMENTS
invoice222,0.99,1,track402,DOCUMENTS
invoice223,0.99,1,track416,DOCUMENTS
invoice224,0.99,1,track417,DOCUMENTS
invoice224,0.99,1,track418,DOCUMENTS
invoice225,0.99,1,track420,DOCUMENTS
invoice225,0.99,1,track422,DOCUMENTS
invoice226,0.99,1,track424,DOCUMENTS
invoice226,0.99,1,track426,DOCUMENTS
invoice226,0.99,1,track428,DOCUMENTS
invoice226,0.99,1,track430,DOCUMENTS
invoice227,0.99,1,track434,DOCUMENTS
invoice227,0.99,1,track438,DOCUMENTS
invoice227,0.99,1,track442,DOCUMENTS
invoice227,0.99,1,track446,DOCUMENTS
invoice227,0.99,1,track450,DOCUMENTS
invoice227,0.99,1,track454,DOCUMENTS
invoice228,0.99,1,track460,DOCUMENTS
invoice228,0.99,1,track466,DOCUMENTS
invoice228,0.99,1,track472,DOCUMENTS
invoice228,0.99,1,track478,DOCUMENTS
invoice228,0.99,1,track484,DOCUMENTS
invoice228,0.99,1,track490,DOCUMENTS
invoice228,0.99,1,track496,DOCUMENTS
invoice228,0.99,1,track502,DOCUMENTS
invoice228,0.99,1,track508,DOCUMENTS
invoice229,0.99,1,track517,DOCUMENTS
invoice229,0.99,1,track526,DOCUMENTS
invoice229,0.99,1,track535,DOCUMENTS
invoice229,0.99,1,track544,DOCUMENTS
invoice229,0.99,1,track553,DOCUMENTS
invoice229,0.99,1,track562,DOCUMENTS
invoice229,0.99,1,track571,DOCUMENTS
invoice229,0.99,1,track580,DOCUMENTS
invoice229,0.99,1,track589,DOCUMENTS
invoice229,0.99,1,track598,DOCUMENTS
invoice229,0.99,1,track607,DOCUMENTS
invoice229,0.99,1,track616,DOCUMENTS
invoice229,0.99,1,track625,DOCUMENTS
invoice229,0.99,1,track634,DOCUMENTS
invoice230,0.99,1,track648,DOCUMENTS
invoice231,0.99,1,track649,DOCUMENTS
invoice231,0.99,1,track650,DOCUMENTS
invoice232,0.99,1,track652,DOCUMENTS
invoice232,0.99,1,track654,DOCUMENTS
invoice233,0.99,1,track656,DOCUMENTS
invoice233,0.99,1,track658,DOCUMENTS
invoice233,0.99,1,track660,DOCUMENTS
invoice233,0.99,1,track662,DOCUMENTS
invoice234,0.99,1,track666,DOCUMENTS
invoice234,0.99,1,track670,DOCUMENTS
invoice234,0.99,1,track674,DOCUMENTS
invoice234,0.99,1,track678,DOCUMENTS
invoice234,0.99,1,track682,DOCUMENTS
invoice234,0.99,1,track686,DOCUMENTS
invoice235,0.99,1,track692,DOCUMENTS
invoice235,0.99,1,track698,DOCUMENTS
invoice235,0.99,1,track704,DOCUMENTS
invoice235,0.99,1,track710,DOCUMENTS
invoice235,0.99,1,track716,DOCUMENTS
invoice235,0.99,1,track722,DOCUMENTS
invoice235,0.99,1,track728,DOCUMENTS
invoice235,0.99,1,track734,DOCUMENTS
invoice235,0.99,1,track740,DOCUMENTS
invoice236,0.99,1,track749,DOCUMENTS
invoice236,0.99,1,track758,DOCUMENTS
invoice236,0.99,1,track767,DOCUMENTS
invoice236,0.99,1,track776,DOCUMENTS
invoice236,0.99,1,track785,DOCUMENTS
invoice236,0.99,1,track794,DOCUMENTS
invoice236,0.99,1,track803,DOCUMENTS
invoice236,0.99,1,track812,DOCUMENTS
invoice236,0.99,1,track821,DOCUMENTS
invoice236,0.99,1,track830,DOCUMENTS
invoice236,0.99,1,track839,DOCUMENTS
invoice236,0.99,1,track848,DOCUMENTS
invoice236,0.99,1,track857,DOCUMENTS
invoice236,0.99,1,track866,DOCUMENTS
invoice237,0.99,1,track880,DOCUMENTS
invoice238,0.99,1,track881,DOCUMENTS
invoice238,0.99,1,track882,DOCUMENTS
invoice239,0.99,1,track884,DOCUMENTS
invoice239,0.99,1,track886,DOCUMENTS
invoice240,0.99,1,track888,DOCUMENTS
invoice240,0.99,1,track890,DOCUMENTS
invoice240,0.99,1,track892,DOCUMENTS
invoice240,0.99,1,track894,DOCUMENTS
invoice241,0.99,1,track898,DOCUMENTS
invoice241,0.99,1,track902,DOCUMENTS
invoice241,0.99,1,track906,DOCUMENTS
invoice241,0.99,1,track910,DOCUMENTS
invoice241,0.99,1,track914,DOCUMENTS
invoice241,0.99,1,track918,DOCUMENTS
invoice242,0.99,1,track924,DOCUMENTS
invoice242,0.99,1,track930,DOCUMENTS
invoice242,0.99,1,track936,DOCUMENTS
invoice242,0.99,1,track942,DOCUMENTS
invoice242,0.99,1,track948,DOCUMENTS
invoice242,0.99,1,track954,DOCUMENTS
invoice242,0.99,1,track960,DOCUMENTS
invoice242,0.99,1,track966,DOCUMENTS
invoice242,0.99,1,track972,DOCUMENTS
invoice243,0.99,1,track981,DOCUMENTS
invoice243,0.99,1,track990,DOCUMENTS
invoice243,0.99,1,track999,DOCUMENTS
invoice243,0.99,1,track1008,DOCUMENTS
invoice243,0.99,1,track1017,DOCUMENTS
invoice243,0.99,1,track1026,DOCUMENTS
invoice243,0.99,1,track1035,DOCUMENTS
invoice243,0.99,1,track1044,DOCUMENTS
invoice243,0.99,1,track1053,DOCUMENTS
invoice243,0.99,1,track1062,DOCUMENTS
invoice243,0.99,1,track1071,DOCUMENTS
invoice243,0.99,1,track1080,DOCUMENTS
invoice243,0.99,1,track1089,DOCUMENTS
invoice243,0.99,1,track1098,DOCUMENTS
invoice244,0.99,1,track1112,DOCUMENTS
invoice245,0.99,1,track1113,DOCUMENTS
invoice245,0.99,1,track1114,DOCUMENTS
invoice246,0.99,1,track1116,DOCUMENTS
invoice246,0.99,1,track1118,DOCUMENTS
invoice247,0.99,1,track1120,DOCUMENTS
invoice247,0.99,1,track1122,DOCUMENTS
invoice247,0.99,1,track1124,DOCUMENTS
invoice247,0.99,1,track1126,DOCUMENTS
invoice248,0.99,1,track1130,DOCUMENTS
invoice248,0.99,1,track1134,DOCUMENTS
invoice248,0.99,1,track1138,DOCUMENTS
invoice248,0.99,1,track1142,DOCUMENTS
invoice248,0.99,1,track1146,DOCUMENTS
invoice248,0.99,1,track1150,DOCUMENTS
invoice249,0.99,1,track1156,DOCUMENTS
invoice249,0.99,1,track1162,DOCUMENTS
invoice249,0.99,1,track1168,DOCUMENTS
invoice249,0.99,1,track1174,DOCUMENTS
invoice249,0.99,1,track1180,DOCUMENTS
invoice249,0.99,1,track1186,DOCUMENTS
invoice249,0.99,1,track1192,DOCUMENTS
invoice249,0.99,1,track1198,DOCUMENTS
invoice249,0.99,1,track1204,DOCUMENTS
invoice250,0.99,1,track1213,DOCUMENTS
invoice250,0.99,1,track1222,DOCUMENTS
invoice250,0.99,1,track1231,DOCUMENTS
invoice250,0.99,1,track1240,DOCUMENTS
invoice250,0.99,1,track1249,DOCUMENTS
invoice250,0.99,1,track1258,DOCUMENTS
invoice250,0.99,1,track1267,DOCUMENTS
invoice250,0.99,1,track1276,DOCUMENTS
invoice250,0.99,1,track1285,DOCUMENTS
invoice250,0.99,1,track1294,DOCUMENTS
invoice250,0.99,1,track1303,DOCUMENTS
invoice250,0.99,1,track1312,DOCUMENTS
invoice250,0.99,1,track1321,DOCUMENTS
invoice250,0.99,1,track1330,DOCUMENTS
invoice251,0.99,1,track1344,DOCUMENTS
invoice252,0.99,1,track1345,DOCUMENTS
invoice252,0.99,1,track1346,DOCUMENTS
invoice253,0.99,1,track1348,DOCUMENTS
invoice253,0.99,1,track1350,DOCUMENTS
invoice254,0.99,1,track1352,DOCUMENTS
invoice254,0.99,1,track1354,DOCUMENTS
invoice254,0.99,1,track1356,DOCUMENTS
invoice254,0.99,1,track1358,DOCUMENTS
invoice255,0.99,1,track1362,DOCUMENTS
invoice255,0.99,1,track1366,DOCUMENTS
invoice255,0.99,1,track1370,DOCUMENTS
invoice255,0.99,1,track1374,DOCUMENTS
invoice255,0.99,1,track1378,DOCUMENTS
invoice255,0.99,1,track1382,DOCUMENTS
invoice256,0.99,1,track1388,DOCUMENTS
invoice256,0.99,1,track1394,DOCUMENTS
invoice256,0.99,1,track1400,DOCUMENTS
invoice256,0.99,1,track1406,DOCUMENTS
invoice256,0.99,1,track1412,DOCUMENTS
invoice256,0.99,1,track1418,DOCUMENTS
invoice256,0.99,1,track1424,DOCUMENTS
invoice256,0.99,1,track1430,DOCUMENTS
invoice256,0.99,1,track1436,DOCUMENTS
invoice257,0.99,1,track1445,DOCUMENTS
invoice257,0.99,1,track1454,DOCUMENTS
invoice257,0.99,1,track1463,DOCUMENTS
invoice257,0.99,1,track1472,DOCUMENTS
invoice257,0.99,1,track1481,DOCUMENTS
invoice257,0.99,1,track1490,DOCUMENTS
invoice257,0.99,1,track1499,DOCUMENTS
invoice257,0.99,1,track1508,DOCUMENTS
invoice257,0.99,1,track1517,DOCUMENTS
invoice257,0.99,1,track1526,DOCUMENTS
invoice257,0.99,1,track1535,DOCUMENTS
invoice257,0.99,1,track1544,DOCUMENTS
invoice257,0.99,1,track1553,DOCUMENTS
invoice257,0.99,1,track1562,DOCUMENTS
invoice258,0.99,1,track1576,DOCUMENTS
invoice259,0.99,1,track1577,DOCUMENTS
invoice259,0.99,1,track1578,DOCUMENTS
invoice260,0.99,1,track1580,DOCUMENTS
invoice260,0.99,1,track1582,DOCUMENTS
invoice261,0.99,1,track1584,DOCUMENTS
invoice261,0.99,1,track1586,DOCUMENTS
invoice261,0.99,1,track1588,DOCUMENTS
invoice261,0.99,1,track1590,DOCUMENTS
invoice262,0.99,1,track1594,DOCUMENTS
invoice262,0.99,1,track1598,DOCUMENTS
invoice262,0.99,1,track1602,DOCUMENTS
invoice262,0.99,1,track1606,DOCUMENTS
invoice262,0.99,1,track1610,DOCUMENTS
invoice262,0.99,1,track1614,DOCUMENTS
invoice263,0.99,1,track1620,DOCUMENTS
invoice263,0.99,1,track1626,DOCUMENTS
invoice263,0.99,1,track1632,DOCUMENTS
invoice263,0.99,1,track1638,DOCUMENTS
invoice263,0.99,1,track1644,DOCUMENTS
invoice263,0.99,1,track1650,DOCUMENTS
invoice263,0.99,1,track1656,DOCUMENTS
invoice263,0.99,1,track1662,DOCUMENTS
invoice263,0.99,1,track1668,DOCUMENTS
invoice264,0.99,1,track1677,DOCUMENTS
invoice264,0.99,1,track1686,DOCUMENTS
invoice264,0.99,1,track1695,DOCUMENTS
invoice264,0.99,1,track1704,DOCUMENTS
invoice264,0.99,1,track1713,DOCUMENTS
invoice264,0.99,1,track1722,DOCUMENTS
invoice264,0.99,1,track1731,DOCUMENTS
invoice264,0.99,1,track1740,DOCUMENTS
invoice264,0.99,1,track1749,DOCUMENTS
invoice264,0.99,1,track1758,DOCUMENTS
invoice264,0.99,1,track1767,DOCUMENTS
invoice264,0.99,1,track1776,DOCUMENTS
invoice264,0.99,1,track1785,DOCUMENTS
invoice264,0.99,1,track1794,DOCUMENTS
invoice265,0.99,1,track1808,DOCUMENTS
invoice266,0.99,1,track1809,DOCUMENTS
invoice266,0.99,1,track1810,DOCUMENTS
invoice267,0.99,1,track1812,DOCUMENTS
invoice267,0.99,1,track1814,DOCUMENTS
invoice268,0.99,1,track1816,DOCUMENTS
invoice268,0.99,1,track1818,DOCUMENTS
invoice268,0.99,1,track1820,DOCUMENTS
invoice268,0.99,1,track1822,DOCUMENTS
invoice269,0.99,1,track1826,DOCUMENTS
invoice269,0.99,1,track1830,DOCUMENTS
invoice269,0.99,1,track1834,DOCUMENTS
invoice269,0.99,1,track1838,DOCUMENTS
invoice269,0.99,1,track1842,DOCUMENTS
invoice269,0.99,1,track1846,DOCUMENTS
invoice270,0.99,1,track1852,DOCUMENTS
invoice270,0.99,1,track1858,DOCUMENTS
invoice270,0.99,1,track1864,DOCUMENTS
invoice270,0.99,1,track1870,DOCUMENTS
invoice270,0.99,1,track1876,DOCUMENTS
invoice270,0.99,1,track1882,DOCUMENTS
invoice270,0.99,1,track1888,DOCUMENTS
invoice270,0.99,1,track1894,DOCUMENTS
invoice270,0.99,1,track1900,DOCUMENTS
invoice271,0.99,1,track1909,DOCUMENTS
invoice271,0.99,1,track1918,DOCUMENTS
invoice271,0.99,1,track1927,DOCUMENTS
invoice271,0.99,1,track1936,DOCUMENTS
invoice271,0.99,1,track1945,DOCUMENTS
invoice271,0.99,1,track1954,DOCUMENTS
invoice271,0.99,1,track1963,DOCUMENTS
invoice271,0.99,1,track1972,DOCUMENTS
invoice271,0.99,1,track1981,DOCUMENTS
invoice271,0.99,1,track1990,DOCUMENTS
invoice271,0.99,1,track1999,DOCUMENTS
invoice271,0.99,1,track2008,DOCUMENTS
invoice271,0.99,1,track2017,DOCUMENTS
invoice271,0.99,1,track2026,DOCUMENTS
invoice272,0.99,1,track2040,DOCUMENTS
invoice273,0.99,1,track2041,DOCUMENTS
invoice273,0.99,1,track2042,DOCUMENTS
invoice274,0.99,1,track2044,DOCUMENTS
invoice274,0.99,1,track2046,DOCUMENTS
invoice275,0.99,1,track2048,DOCUMENTS
invoice275,0.99,1,track2050,DOCUMENTS
invoice275,0.99,1,track2052,DOCUMENTS
invoice275,0.99,1,track2054,DOCUMENTS
invoice276,0.99,1,track2058,DOCUMENTS
invoice276,0.99,1,track2062,DOCUMENTS
invoice276,0.99,1,track2066,DOCUMENTS
invoice276,0.99,1,track2070,DOCUMENTS
invoice276,0.99,1,track2074,DOCUMENTS
invoice276,0.99,1,track2078,DOCUMENTS
invoice277,0.99,1,track2084,DOCUMENTS
invoice277,0.99,1,track2090,DOCUMENTS
invoice277,0.99,1,track2096,DOCUMENTS
invoice277,0.99,1,track2102,DOCUMENTS
invoice277,0.99,1,track2108,DOCUMENTS
invoice277,0.99,1,track2114,DOCUMENTS
invoice277,0.99,1,track2120,DOCUMENTS
invoice277,0.99,1,track2126,DOCUMENTS
invoice277,0.99,1,track2132,DOCUMENTS
invoice278,0.99,1,track2141,DOCUMENTS
invoice278,0.99,1,track2150,DOCUMENTS
invoice278,0.99,1,track2159,DOCUMENTS
invoice278,0.99,1,track2168,DOCUMENTS
invoice278,0.99,1,track2177,DOCUMENTS
invoice278,0.99,1,track2186,DOCUMENTS
invoice278,0.99,1,track2195,DOCUMENTS
invoice278,0.99,1,track2204,DOCUMENTS
invoice278,0.99,1,track2213,DOCUMENTS
invoice278,0.99,1,track2222,DOCUMENTS
invoice278,0.99,1,track2231,DOCUMENTS
invoice278,0.99,1,track2240,DOCUMENTS
invoice278,0.99,1,track2249,DOCUMENTS
invoice278,0.99,1,track2258,DOCUMENTS
invoice279,0.99,1,track2272,DOCUMENTS
invoice280,0.99,1,track2273,DOCUMENTS
invoice280,0.99,1,track2274,DOCUMENTS
invoice281,0.99,1,track2276,DOCUMENTS
invoice281,0.99,1,track2278,DOCUMENTS
invoice282,0.99,1,track2280,DOCUMENTS
invoice282,0.99,1,track2282,DOCUMENTS
invoice282,0.99,1,track2284,DOCUMENTS
invoice282,0.99,1,track2286,DOCUMENTS
invoice283,0.99,1,track2290,DOCUMENTS
invoice283,0.99,1,track2294,DOCUMENTS
invoice283,0.99,1,track2298,DOCUMENTS
invoice283,0.99,1,track2302,DOCUMENTS
invoice283,0.99,1,track2306,DOCUMENTS
invoice283,0.99,1,track2310,DOCUMENTS
invoice284,0.99,1,track2316,DOCUMENTS
invoice284,0.99,1,track2322,DOCUMENTS
invoice284,0.99,1,track2328,DOCUMENTS
invoice284,0.99,1,track2334,DOCUMENTS
invoice284,0.99,1,track2340,DOCUMENTS
invoice284,0.99,1,track2346,DOCUMENTS
invoice284,0.99,1,track2352,DOCUMENTS
invoice284,0.99,1,track2358,DOCUMENTS
invoice284,0.99,1,track2364,DOCUMENTS
invoice285,0.99,1,track2373,DOCUMENTS
invoice285,0.99,1,track2382,DOCUMENTS
invoice285,0.99,1,track2391,DOCUMENTS
invoice285,0.99,1,track2400,DOCUMENTS
invoice285,0.99,1,track2409,DOCUMENTS
invoice285,0.99,1,track2418,DOCUMENTS
invoice285,0.99,1,track2427,DOCUMENTS
invoice285,0.99,1,track2436,DOCUMENTS
invoice285,0.99,1,track2445,DOCUMENTS
invoice285,0.99,1,track2454,DOCUMENTS
invoice285,0.99,1,track2463,DOCUMENTS
invoice285,0.99,1,track2472,DOCUMENTS
invoice285,0.99,1,track2481,DOCUMENTS
invoice285,0.99,1,track2490,DOCUMENTS
invoice286,0.99,1,track2504,DOCUMENTS
invoice287,0.99,1,track2505,DOCUMENTS
invoice287,0.99,1,track2506,DOCUMENTS
invoice288,0.99,1,track2508,DOCUMENTS
invoice288,0.99,1,track2510,DOCUMENTS
invoice289,0.99,1,track2512,DOCUMENTS
invoice289,0.99,1,track2514,DOCUMENTS
invoice289,0.99,1,track2516,DOCUMENTS
invoice289,0.99,1,track2518,DOCUMENTS
invoice290,0.99,1,track2522,DOCUMENTS
invoice290,0.99,1,track2526,DOCUMENTS
invoice290,0.99,1,track2530,DOCUMENTS
invoice290,0.99,1,track2534,DOCUMENTS
invoice290,0.99,1,track2538,DOCUMENTS
invoice290,0.99,1,track2542,DOCUMENTS
invoice291,0.99,1,track2548,DOCUMENTS
invoice291,0.99,1,track2554,DOCUMENTS
invoice291,0.99,1,track2560,DOCUMENTS
invoice291,0.99,1,track2566,DOCUMENTS
invoice291,0.99,1,track2572,DOCUMENTS
invoice291,0.99,1,track2578,DOCUMENTS
invoice291,0.99,1,track2584,DOCUMENTS
invoice291,0.99,1,track2590,DOCUMENTS
invoice291,0.99,1,track2596,DOCUMENTS
invoice292,0.99,1,track2605,DOCUMENTS
invoice292,0.99,1,track2614,DOCUMENTS
invoice292,0.99,1,track2623,DOCUMENTS
invoice292,0.99,1,track2632,DOCUMENTS
invoice292,0.99,1,track2641,DOCUMENTS
invoice292,0.99,1,track2650,DOCUMENTS
invoice292,0.99,1,track2659,DOCUMENTS
invoice292,0.99,1,track2668,DOCUMENTS
invoice292,0.99,1,track2677,DOCUMENTS
invoice292,0.99,1,track2686,DOCUMENTS
invoice292,0.99,1,track2695,DOCUMENTS
invoice292,0.99,1,track2704,DOCUMENTS
invoice292,0.99,1,track2713,DOCUMENTS
invoice292,0.99,1,track2722,DOCUMENTS
invoice293,0.99,1,track2736,DOCUMENTS
invoice294,0.99,1,track2737,DOCUMENTS
invoice294,0.99,1,track2738,DOCUMENTS
invoice295,0.99,1,track2740,DOCUMENTS
invoice295,0.99,1,track2742,DOCUMENTS
invoice296,0.99,1,track2744,DOCUMENTS
invoice296,0.99,1,track2746,DOCUMENTS
invoice296,0.99,1,track2748,DOCUMENTS
invoice296,0.99,1,track2750,DOCUMENTS
invoice297,0.99,1,track2754,DOCUMENTS
invoice297,0.99,1,track2758,DOCUMENTS
invoice297,0.99,1,track2762,DOCUMENTS
invoice297,0.99,1,track2766,DOCUMENTS
invoice297,0.99,1,track2770,DOCUMENTS
invoice297,0.99,1,track2774,DOCUMENTS
invoice298,0.99,1,track2780,DOCUMENTS
invoice298,0.99,1,track2786,DOCUMENTS
invoice298,0.99,1,track2792,DOCUMENTS
invoice298,0.99,1,track2798,DOCUMENTS
invoice298,0.99,1,track2804,DOCUMENTS
invoice298,0.99,1,track2810,DOCUMENTS
invoice298,0.99,1,track2816,DOCUMENTS
invoice298,1.99,1,track2822,DOCUMENTS
invoice298,1.99,1,track2828,DOCUMENTS
invoice299,1.99,1,track2837,DOCUMENTS
invoice299,1.99,1,track2846,DOCUMENTS
invoice299,1.99,1,track2855,DOCUMENTS
invoice299,1.99,1,track2864,DOCUMENTS
invoice299,1.99,1,track2873,DOCUMENTS
invoice299,1.99,1,track2882,DOCUMENTS
invoice299,1.99,1,track2891,DOCUMENTS
invoice299,1.99,1,track2900,DOCUMENTS
invoice299,1.99,1,track2909,DOCUMENTS
invoice299,1.99,1,track2918,DOCUMENTS
invoice299,0.99,1,track2927,DOCUMENTS
invoice299,0.99,1,track2936,DOCUMENTS
invoice299,0.99,1,track2945,DOCUMENTS
invoice299,0.99,1,track2954,DOCUMENTS
invoice300,0.99,1,track2968,DOCUMENTS
invoice301,0.99,1,track2969,DOCUMENTS
invoice301,0.99,1,track2970,DOCUMENTS
invoice302,0.99,1,track2972,DOCUMENTS
invoice302,0.99,1,track2974,DOCUMENTS
invoice303,0.99,1,track2976,DOCUMENTS
invoice303,0.99,1,track2978,DOCUMENTS
invoice303,0.99,1,track2980,DOCUMENTS
invoice303,0.99,1,track2982,DOCUMENTS
invoice304,0.99,1,track2986,DOCUMENTS
invoice304,0.99,1,track2990,DOCUMENTS
invoice304,0.99,1,track2994,DOCUMENTS
invoice304,0.99,1,track2998,DOCUMENTS
invoice304,0.99,1,track3002,DOCUMENTS
invoice304,0.99,1,track3006,DOCUMENTS
invoice305,0.99,1,track3012,DOCUMENTS
invoice305,0.99,1,track3018,DOCUMENTS
invoice305,0.99,1,track3024,DOCUMENTS
invoice305,0.99,1,track3030,DOCUMENTS
invoice305,0.99,1,track3036,DOCUMENTS
invoice305,0.99,1,track3042,DOCUMENTS
invoice305,0.99,1,track3048,DOCUMENTS
invoice305,0.99,1,track3054,DOCUMENTS
invoice305,0.99,1,track3060,DOCUMENTS
invoice306,0.99,1,track3069,DOCUMENTS
invoice306,0.99,1,track3078,DOCUMENTS
invoice306,0.99,1,track3087,DOCUMENTS
invoice306,0.99,1,track3096,DOCUMENTS
invoice306,0.99,1,track3105,DOCUMENTS
invoice306,0.99,1,track3114,DOCUMENTS
invoice306,0.99,1,track3123,DOCUMENTS
invoice306,0.99,1,track3132,DOCUMENTS
invoice306,0.99,1,track3141,DOCUMENTS
invoice306,0.99,1,track3150,DOCUMENTS
invoice306,0.99,1,track3159,DOCUMENTS
invoice306,1.99,1,track3168,DOCUMENTS
invoice306,1.99,1,track3177,DOCUMENTS
invoice306,1.99,1,track3186,DOCUMENTS
invoice307,1.99,1,track3200,DOCUMENTS
invoice308,1.99,1,track3201,DOCUMENTS
invoice308,1.99,1,track3202,DOCUMENTS
invoice309,1.99,1,track3204,DOCUMENTS
invoice309,1.99,1,track3206,DOCUMENTS
invoice310,1.99,1,track3208,DOCUMENTS
invoice310,1.99,1,track3210,DOCUMENTS
invoice310,1.99,1,track3212,DOCUMENTS
invoice310,1.99,1,track3214,DOCUMENTS
invoice311,1.99,1,track3218,DOCUMENTS
invoice311,1.99,1,track3222,DOCUMENTS
invoice311,1.99,1,track3226,DOCUMENTS
invoice311,1.99,1,track3230,DOCUMENTS
invoice311,1.99,1,track3234,DOCUMENTS
invoice311,1.99,1,track3238,DOCUMENTS
invoice312,1.99,1,track3244,DOCUMENTS
invoice312,1.99,1,track3250,DOCUMENTS
invoice312,0.99,1,track3256,DOCUMENTS
invoice312,0.99,1,track3262,DOCUMENTS
invoice312,0.99,1,track3268,DOCUMENTS
invoice312,0.99,1,track3274,DOCUMENTS
invoice312,0.99,1,track3280,DOCUMENTS
invoice312,0.99,1,track3286,DOCUMENTS
invoice312,0.99,1,track3292,DOCUMENTS
invoice313,0.99,1,track3301,DOCUMENTS
invoice313,0.99,1,track3310,DOCUMENTS
invoice313,0.99,1,track3319,DOCUMENTS
invoice313,0.99,1,track3328,DOCUMENTS
invoice313,1.99,1,track3337,DOCUMENTS
invoice313,1.99,1,track3346,DOCUMENTS
invoice313,0.99,1,track3355,DOCUMENTS
invoice313,1.99,1,track3364,DOCUMENTS
invoice313,0.99,1,track3373,DOCUMENTS
invoice313,0.99,1,track3382,DOCUMENTS
invoice313,0.99,1,track3391,DOCUMENTS
invoice313,0.99,1,track3400,DOCUMENTS
invoice313,0.99,1,track3409,DOCUMENTS
invoice313,0.99,1,track3418,DOCUMENTS
invoice314,0.99,1,track3432,DOCUMENTS
invoice315,0.99,1,track3433,DOCUMENTS
invoice315,0.99,1,track3434,DOCUMENTS
invoice316,0.99,1,track3436,DOCUMENTS
invoice316,0.99,1,track3438,DOCUMENTS
invoice317,0.99,1,track3440,DOCUMENTS
invoice317,0.99,1,track3442,DOCUMENTS
invoice317,0.99,1,track3444,DOCUMENTS
invoice317,0.99,1,track3446,DOCUMENTS
invoice318,0.99,1,track3450,DOCUMENTS
invoice318,0.99,1,track3454,DOCUMENTS
invoice318,0.99,1,track3458,DOCUMENTS
invoice318,0.99,1,track3462,DOCUMENTS
invoice318,0.99,1,track3466,DOCUMENTS
invoice318,0.99,1,track3470,DOCUMENTS
invoice319,0.99,1,track3476,DOCUMENTS
invoice319,0.99,1,track3482,DOCUMENTS
invoice319,0.99,1,track3488,DOCUMENTS
invoice319,0.99,1,track3494,DOCUMENTS
invoice319,0.99,1,track3500,DOCUMENTS
invoice319,0.99,1,track3,DOCUMENTS
invoice319,0.99,1,track9,DOCUMENTS
invoice319,0.99,1,track15,DOCUMENTS
invoice319,0.99,1,track21,DOCUMENTS
invoice320,0.99,1,track30,DOCUMENTS
invoice320,0.99,1,track39,DOCUMENTS
invoice320,0.99,1,track48,DOCUMENTS
invoice320,0.99,1,track57,DOCUMENTS
invoice320,0.99,1,track66,DOCUMENTS
invoice320,0.99,1,track75,DOCUMENTS
invoice320,0.99,1,track84,DOCUMENTS
invoice320,0.99,1,track93,DOCUMENTS
invoice320,0.99,1,track102,DOCUMENTS
invoice320,0.99,1,track111,DOCUMENTS
invoice320,0.99,1,track120,DOCUMENTS
invoice320,0.99,1,track129,DOCUMENTS
invoice320,0.99,1,track138,DOCUMENTS
invoice320,0.99,1,track147,DOCUMENTS
invoice321,0.99,1,track161,DOCUMENTS
invoice322,0.99,1,track162,DOCUMENTS
invoice322,0.99,1,track163,DOCUMENTS
invoice323,0.99,1,track165,DOCUMENTS
invoice323,0.99,1,track167,DOCUMENTS
invoice324,0.99,1,track169,DOCUMENTS
invoice324,0.99,1,track171,DOCUMENTS
invoice324,0.99,1,track173,DOCUMENTS
invoice324,0.99,1,track175,DOCUMENTS
invoice325,0.99,1,track179,DOCUMENTS
invoice325,0.99,1,track183,DOCUMENTS
invoice325,0.99,1,track187,DOCUMENTS
invoice325,0.99,1,track191,DOCUMENTS
invoice325,0.99,1,track195,DOCUMENTS
invoice325,0.99,1,track199,DOCUMENTS
invoice326,0.99,1,track205,DOCUMENTS
invoice326,0.99,1,track211,DOCUMENTS
invoice326,0.99,1,track217,DOCUMENTS
invoice326,0.99,1,track223,DOCUMENTS
invoice326,0.99,1,track229,DOCUMENTS
invoice326,0.99,1,track235,DOCUMENTS
invoice326,0.99,1,track241,DOCUMENTS
invoice326,0.99,1,track247,DOCUMENTS
invoice326,0.99,1,track253,DOCUMENTS
invoice327,0.99,1,track262,DOCUMENTS
invoice327,0.99,1,track271,DOCUMENTS
invoice327,0.99,1,track280,DOCUMENTS
invoice327,0.99,1,track289,DOCUMENTS
invoice327,0.99,1,track298,DOCUMENTS
invoice327,0.99,1,track307,DOCUMENTS
invoice327,0.99,1,track316,DOCUMENTS
invoice327,0.99,1,track325,DOCUMENTS
invoice327,0.99,1,track334,DOCUMENTS
invoice327,0.99,1,track343,DOCUMENTS
invoice327,0.99,1,track352,DOCUMENTS
invoice327,0.99,1,track361,DOCUMENTS
invoice327,0.99,1,track370,DOCUMENTS
invoice327,0.99,1,track379,DOCUMENTS
invoice328,0.99,1,track393,DOCUMENTS
invoice329,0.99,1,track394,DOCUMENTS
invoice329,0.99,1,track395,DOCUMENTS
invoice330,0.99,1,track397,DOCUMENTS
invoice330,0.99,1,track399,DOCUMENTS
invoice331,0.99,1,track401,DOCUMENTS
invoice331,0.99,1,track403,DOCUMENTS
invoice331,0.99,1,track405,DOCUMENTS
invoice331,0.99,1,track407,DOCUMENTS
invoice332,0.99,1,track411,DOCUMENTS
invoice332,0.99,1,track415,DOCUMENTS
invoice332,0.99,1,track419,DOCUMENTS
invoice332,0.99,1,track423,DOCUMENTS
invoice332,0.99,1,track427,DOCUMENTS
invoice332,0.99,1,track431,DOCUMENTS
invoice333,0.99,1,track437,DOCUMENTS
invoice333,0.99,1,track443,DOCUMENTS
invoice333,0.99,1,track449,DOCUMENTS
invoice333,0.99,1,track455,DOCUMENTS
invoice333,0.99,1,track461,DOCUMENTS
invoice333,0.99,1,track467,DOCUMENTS
invoice333,0.99,1,track473,DOCUMENTS
invoice333,0.99,1,track479,DOCUMENTS
invoice333,0.99,1,track485,DOCUMENTS
invoice334,0.99,1,track494,DOCUMENTS
invoice334,0.99,1,track503,DOCUMENTS
invoice334,0.99,1,track512,DOCUMENTS
invoice334,0.99,1,track521,DOCUMENTS
invoice334,0.99,1,track530,DOCUMENTS
invoice334,0.99,1,track539,DOCUMENTS
invoice334,0.99,1,track548,DOCUMENTS
invoice334,0.99,1,track557,DOCUMENTS
invoice334,0.99,1,track566,DOCUMENTS
invoice334,0.99,1,track575,DOCUMENTS
invoice334,0.99,1,track584,DOCUMENTS
invoice334,0.99,1,track593,DOCUMENTS
invoice334,0.99,1,track602,DOCUMENTS
invoice334,0.99,1,track611,DOCUMENTS
invoice335,0.99,1,track625,DOCUMENTS
invoice336,0.99,1,track626,DOCUMENTS
invoice336,0.99,1,track627,DOCUMENTS
invoice337,0.99,1,track629,DOCUMENTS
invoice337,0.99,1,track631,DOCUMENTS
invoice338,0.99,1,track633,DOCUMENTS
invoice338,0.99,1,track635,DOCUMENTS
invoice338,0.99,1,track637,DOCUMENTS
invoice338,0.99,1,track639,DOCUMENTS
invoice339,0.99,1,track643,DOCUMENTS
invoice339,0.99,1,track647,DOCUMENTS
invoice339,0.99,1,track651,DOCUMENTS
invoice339,0.99,1,track655,DOCUMENTS
invoice339,0.99,1,track659,DOCUMENTS
invoice339,0.99,1,track663,DOCUMENTS
invoice340,0.99,1,track669,DOCUMENTS
invoice340,0.99,1,track675,DOCUMENTS
invoice340,0.99,1,track681,DOCUMENTS
invoice340,0.99,1,track687,DOCUMENTS
invoice340,0.99,1,track693,DOCUMENTS
invoice340,0.99,1,track699,DOCUMENTS
invoice340,0.99,1,track705,DOCUMENTS
invoice340,0.99,1,track711,DOCUMENTS
invoice340,0.99,1,track717,DOCUMENTS
invoice341,0.99,1,track726,DOCUMENTS
invoice341,0.99,1,track735,DOCUMENTS
invoice341,0.99,1,track744,DOCUMENTS
invoice341,0.99,1,track753,DOCUMENTS
invoice341,0.99,1,track762,DOCUMENTS
invoice341,0.99,1,track771,DOCUMENTS
invoice341,0.99,1,track780,DOCUMENTS
invoice341,0.99,1,track789,DOCUMENTS
invoice341,0.99,1,track798,DOCUMENTS
invoice341,0.99,1,track807,DOCUMENTS
invoice341,0.99,1,track816,DOCUMENTS
invoice341,0.99,1,track825,DOCUMENTS
invoice341,0.99,1,track834,DOCUMENTS
invoice341,0.99,1,track843,DOCUMENTS
invoice342,0.99,1,track857,DOCUMENTS
invoice343,0.99,1,track858,DOCUMENTS
invoice343,0.99,1,track859,DOCUMENTS
invoice344,0.99,1,track861,DOCUMENTS
invoice344,0.99,1,track863,DOCUMENTS
invoice345,0.99,1,track865,DOCUMENTS
invoice345,0.99,1,track867,DOCUMENTS
invoice345,0.99,1,track869,DOCUMENTS
invoice345,0.99,1,track871,DOCUMENTS
invoice346,0.99,1,track875,DOCUMENTS
invoice346,0.99,1,track879,DOCUMENTS
invoice346,0.99,1,track883,DOCUMENTS
invoice346,0.99,1,track887,DOCUMENTS
invoice346,0.99,1,track891,DOCUMENTS
invoice346,0.99,1,track895,DOCUMENTS
invoice347,0.99,1,track901,DOCUMENTS
invoice347,0.99,1,track907,DOCUMENTS
invoice347,0.99,1,track913,DOCUMENTS
invoice347,0.99,1,track919,DOCUMENTS
invoice347,0.99,1,track925,DOCUMENTS
invoice347,0.99,1,track931,DOCUMENTS
invoice347,0.99,1,track937,DOCUMENTS
invoice347,0.99,1,track943,DOCUMENTS
invoice347,0.99,1,track949,DOCUMENTS
invoice348,0.99,1,track958,DOCUMENTS
invoice348,0.99,1,track967,DOCUMENTS
invoice348,0.99,1,track976,DOCUMENTS
invoice348,0.99,1,track985,DOCUMENTS
invoice348,0.99,1,track994,DOCUMENTS
invoice348,0.99,1,track1003,DOCUMENTS
invoice348,0.99,1,track1012,DOCUMENTS
invoice348,0.99,1,track1021,DOCUMENTS
invoice348,0.99,1,track1030,DOCUMENTS
invoice348,0.99,1,track1039,DOCUMENTS
invoice348,0.99,1,track1048,DOCUMENTS
invoice348,0.99,1,track1057,DOCUMENTS
invoice348,0.99,1,track1066,DOCUMENTS
invoice348,0.99,1,track1075,DOCUMENTS
invoice349,0.99,1,track1089,DOCUMENTS
invoice350,0.99,1,track1090,DOCUMENTS
invoice350,0.99,1,track1091,DOCUMENTS
invoice351,0.99,1,track1093,DOCUMENTS
invoice351,0.99,1,track1095,DOCUMENTS
invoice352,0.99,1,track1097,DOCUMENTS
invoice352,0.99,1,track1099,DOCUMENTS
invoice352,0.99,1,track1101,DOCUMENTS
invoice352,0.99,1,track1103,DOCUMENTS
invoice353,0.99,1,track1107,DOCUMENTS
invoice353,0.99,1,track1111,DOCUMENTS
invoice353,0.99,1,track1115,DOCUMENTS
invoice353,0.99,1,track1119,DOCUMENTS
invoice353,0.99,1,track1123,DOCUMENTS
invoice353,0.99,1,track1127,DOCUMENTS
invoice354,0.99,1,track1133,DOCUMENTS
invoice354,0.99,1,track1139,DOCUMENTS
invoice354,0.99,1,track1145,DOCUMENTS
invoice354,0.99,1,track1151,DOCUMENTS
invoice354,0.99,1,track1157,DOCUMENTS
invoice354,0.99,1,track1163,DOCUMENTS
invoice354,0.99,1,track1169,DOCUMENTS
invoice354,0.99,1,track1175,DOCUMENTS
invoice354,0.99,1,track1181,DOCUMENTS
invoice355,0.99,1,track1190,DOCUMENTS
invoice355,0.99,1,track1199,DOCUMENTS
invoice355,0.99,1,track1208,DOCUMENTS
invoice355,0.99,1,track1217,DOCUMENTS
invoice355,0.99,1,track1226,DOCUMENTS
invoice355,0.99,1,track1235,DOCUMENTS
invoice355,0.99,1,track1244,DOCUMENTS
invoice355,0.99,1,track1253,DOCUMENTS
invoice355,0.99,1,track1262,DOCUMENTS
invoice355,0.99,1,track1271,DOCUMENTS
invoice355,0.99,1,track1280,DOCUMENTS
invoice355,0.99,1,track1289,DOCUMENTS
invoice355,0.99,1,track1298,DOCUMENTS
invoice355,0.99,1,track1307,DOCUMENTS
invoice356,0.99,1,track1321,DOCUMENTS
invoice357,0.99,1,track1322,DOCUMENTS
invoice357,0.99,1,track1323,DOCUMENTS
invoice358,0.99,1,track1325,DOCUMENTS
invoice358,0.99,1,track1327,DOCUMENTS
invoice359,0.99,1,track1329,DOCUMENTS
invoice359,0.99,1,track1331,DOCUMENTS
invoice359,0.99,1,track1333,DOCUMENTS
invoice359,0.99,1,track1335,DOCUMENTS
invoice360,0.99,1,track1339,DOCUMENTS
invoice360,0.99,1,track1343,DOCUMENTS
invoice360,0.99,1,track1347,DOCUMENTS
invoice360,0.99,1,track1351,DOCUMENTS
invoice360,0.99,1,track1355,DOCUMENTS
invoice360,0.99,1,track1359,DOCUMENTS
invoice361,0.99,1,track1365,DOCUMENTS
invoice361,0.99,1,track1371,DOCUMENTS
invoice361,0.99,1,track1377,DOCUMENTS
invoice361,0.99,1,track1383,DOCUMENTS
invoice361,0.99,1,track1389,DOCUMENTS
invoice361,0.99,1,track1395,DOCUMENTS
invoice361,0.99,1,track1401,DOCUMENTS
invoice361,0.99,1,track1407,DOCUMENTS
invoice361,0.99,1,track1413,DOCUMENTS
invoice362,0.99,1,track1422,DOCUMENTS
invoice362,0.99,1,track1431,DOCUMENTS
invoice362,0.99,1,track1440,DOCUMENTS
invoice362,0.99,1,track1449,DOCUMENTS
invoice362,0.99,1,track1458,DOCUMENTS
invoice362,0.99,1,track1467,DOCUMENTS
invoice362,0.99,1,track1476,DOCUMENTS
invoice362,0.99,1,track1485,DOCUMENTS
invoice362,0.99,1,track1494,DOCUMENTS
invoice362,0.99,1,track1503,DOCUMENTS
invoice362,0.99,1,track1512,DOCUMENTS
invoice362,0.99,1,track1521,DOCUMENTS
invoice362,0.99,1,track1530,DOCUMENTS
invoice362,0.99,1,track1539,DOCUMENTS
invoice363,0.99,1,track1553,DOCUMENTS
invoice364,0.99,1,track1554,DOCUMENTS
invoice364,0.99,1,track1555,DOCUMENTS
invoice365,0.99,1,track1557,DOCUMENTS
invoice365,0.99,1,track1559,DOCUMENTS
invoice366,0.99,1,track1561,DOCUMENTS
invoice366,0.99,1,track1563,DOCUMENTS
invoice366,0.99,1,track1565,DOCUMENTS
invoice366,0.99,1,track1567,DOCUMENTS
invoice367,0.99,1,track1571,DOCUMENTS
invoice367,0.99,1,track1575,DOCUMENTS
invoice367,0.99,1,track1579,DOCUMENTS
invoice367,0.99,1,track1583,DOCUMENTS
invoice367,0.99,1,track1587,DOCUMENTS
invoice367,0.99,1,track1591,DOCUMENTS
invoice368,0.99,1,track1597,DOCUMENTS
invoice368,0.99,1,track1603,DOCUMENTS
invoice368,0.99,1,track1609,DOCUMENTS
invoice368,0.99,1,track1615,DOCUMENTS
invoice368,0.99,1,track1621,DOCUMENTS
invoice368,0.99,1,track1627,DOCUMENTS
invoice368,0.99,1,track1633,DOCUMENTS
invoice368,0.99,1,track1639,DOCUMENTS
invoice368,0.99,1,track1645,DOCUMENTS
invoice369,0.99,1,track1654,DOCUMENTS
invoice369,0.99,1,track1663,DOCUMENTS
invoice369,0.99,1,track1672,DOCUMENTS
invoice369,0.99,1,track1681,DOCUMENTS
invoice369,0.99,1,track1690,DOCUMENTS
invoice369,0.99,1,track1699,DOCUMENTS
invoice369,0.99,1,track1708,DOCUMENTS
invoice369,0.99,1,track1717,DOCUMENTS
invoice369,0.99,1,track1726,DOCUMENTS
invoice369,0.99,1,track1735,DOCUMENTS
invoice369,0.99,1,track1744,DOCUMENTS
invoice369,0.99,1,track1753,DOCUMENTS
invoice369,0.99,1,track1762,DOCUMENTS
invoice369,0.99,1,track1771,DOCUMENTS
invoice370,0.99,1,track1785,DOCUMENTS
invoice371,0.99,1,track1786,DOCUMENTS
invoice371,0.99,1,track1787,DOCUMENTS
invoice372,0.99,1,track1789,DOCUMENTS
invoice372,0.99,1,track1791,DOCUMENTS
invoice373,0.99,1,track1793,DOCUMENTS
invoice373,0.99,1,track1795,DOCUMENTS
invoice373,0.99,1,track1797,DOCUMENTS
invoice373,0.99,1,track1799,DOCUMENTS
invoice374,0.99,1,track1803,DOCUMENTS
invoice374,0.99,1,track1807,DOCUMENTS
invoice374,0.99,1,track1811,DOCUMENTS
invoice374,0.99,1,track1815,DOCUMENTS
invoice374,0.99,1,track1819,DOCUMENTS
invoice374,0.99,1,track1823,DOCUMENTS
invoice375,0.99,1,track1829,DOCUMENTS
invoice375,0.99,1,track1835,DOCUMENTS
invoice375,0.99,1,track1841,DOCUMENTS
invoice375,0.99,1,track1847,DOCUMENTS
invoice375,0.99,1,track1853,DOCUMENTS
invoice375,0.99,1,track1859,DOCUMENTS
invoice375,0.99,1,track1865,DOCUMENTS
invoice375,0.99,1,track1871,DOCUMENTS
invoice375,0.99,1,track1877,DOCUMENTS
invoice376,0.99,1,track1886,DOCUMENTS
invoice376,0.99,1,track1895,DOCUMENTS
invoice376,0.99,1,track1904,DOCUMENTS
invoice376,0.99,1,track1913,DOCUMENTS
invoice376,0.99,1,track1922,DOCUMENTS
invoice376,0.99,1,track1931,DOCUMENTS
invoice376,0.99,1,track1940,DOCUMENTS
invoice376,0.99,1,track1949,DOCUMENTS
invoice376,0.99,1,track1958,DOCUMENTS
invoice376,0.99,1,track1967,DOCUMENTS
invoice376,0.99,1,track1976,DOCUMENTS
invoice376,0.99,1,track1985,DOCUMENTS
invoice376,0.99,1,track1994,DOCUMENTS
invoice376,0.99,1,track2003,DOCUMENTS
invoice377,0.99,1,track2017,DOCUMENTS
invoice378,0.99,1,track2018,DOCUMENTS
invoice378,0.99,1,track2019,DOCUMENTS
invoice379,0.99,1,track2021,DOCUMENTS
invoice379,0.99,1,track2023,DOCUMENTS
invoice380,0.99,1,track2025,DOCUMENTS
invoice380,0.99,1,track2027,DOCUMENTS
invoice380,0.99,1,track2029,DOCUMENTS
invoice380,0.99,1,track2031,DOCUMENTS
invoice381,0.99,1,track2035,DOCUMENTS
invoice381,0.99,1,track2039,DOCUMENTS
invoice381,0.99,1,track2043,DOCUMENTS
invoice381,0.99,1,track2047,DOCUMENTS
invoice381,0.99,1,track2051,DOCUMENTS
invoice381,0.99,1,track2055,DOCUMENTS
invoice382,0.99,1,track2061,DOCUMENTS
invoice382,0.99,1,track2067,DOCUMENTS
invoice382,0.99,1,track2073,DOCUMENTS
invoice382,0.99,1,track2079,DOCUMENTS
invoice382,0.99,1,track2085,DOCUMENTS
invoice382,0.99,1,track2091,DOCUMENTS
invoice382,0.99,1,track2097,DOCUMENTS
invoice382,0.99,1,track2103,DOCUMENTS
invoice382,0.99,1,track2109,DOCUMENTS
invoice383,0.99,1,track2118,DOCUMENTS
invoice383,0.99,1,track2127,DOCUMENTS
invoice383,0.99,1,track2136,DOCUMENTS
invoice383,0.99,1,track2145,DOCUMENTS
invoice383,0.99,1,track2154,DOCUMENTS
invoice383,0.99,1,track2163,DOCUMENTS
invoice383,0.99,1,track2172,DOCUMENTS
invoice383,0.99,1,track2181,DOCUMENTS
invoice383,0.99,1,track2190,DOCUMENTS
invoice383,0.99,1,track2199,DOCUMENTS
invoice383,0.99,1,track2208,DOCUMENTS
invoice383,0.99,1,track2217,DOCUMENTS
invoice383,0.99,1,track2226,DOCUMENTS
invoice383,0.99,1,track2235,DOCUMENTS
invoice384,0.99,1,track2249,DOCUMENTS
invoice385,0.99,1,track2250,DOCUMENTS
invoice385,0.99,1,track2251,DOCUMENTS
invoice386,0.99,1,track2253,DOCUMENTS
invoice386,0.99,1,track2255,DOCUMENTS
invoice387,0.99,1,track2257,DOCUMENTS
invoice387,0.99,1,track2259,DOCUMENTS
invoice387,0.99,1,track2261,DOCUMENTS
invoice387,0.99,1,track2263,DOCUMENTS
invoice388,0.99,1,track2267,DOCUMENTS
invoice388,0.99,1,track2271,DOCUMENTS
invoice388,0.99,1,track2275,DOCUMENTS
invoice388,0.99,1,track2279,DOCUMENTS
invoice388,0.99,1,track2283,DOCUMENTS
invoice388,0.99,1,track2287,DOCUMENTS
invoice389,0.99,1,track2293,DOCUMENTS
invoice389,0.99,1,track2299,DOCUMENTS
invoice389,0.99,1,track2305,DOCUMENTS
invoice389,0.99,1,track2311,DOCUMENTS
invoice389,0.99,1,track2317,DOCUMENTS
invoice389,0.99,1,track2323,DOCUMENTS
invoice389,0.99,1,track2329,DOCUMENTS
invoice389,0.99,1,track2335,DOCUMENTS
invoice389,0.99,1,track2341,DOCUMENTS
invoice390,0.99,1,track2350,DOCUMENTS
invoice390,0.99,1,track2359,DOCUMENTS
invoice390,0.99,1,track2368,DOCUMENTS
invoice390,0.99,1,track2377,DOCUMENTS
invoice390,0.99,1,track2386,DOCUMENTS
invoice390,0.99,1,track2395,DOCUMENTS
invoice390,0.99,1,track2404,DOCUMENTS
invoice390,0.99,1,track2413,DOCUMENTS
invoice390,0.99,1,track2422,DOCUMENTS
invoice390,0.99,1,track2431,DOCUMENTS
invoice390,0.99,1,track2440,DOCUMENTS
invoice390,0.99,1,track2449,DOCUMENTS
invoice390,0.99,1,track2458,DOCUMENTS
invoice390,0.99,1,track2467,DOCUMENTS
invoice391,0.99,1,track2481,DOCUMENTS
invoice392,0.99,1,track2482,DOCUMENTS
invoice392,0.99,1,track2483,DOCUMENTS
invoice393,0.99,1,track2485,DOCUMENTS
invoice393,0.99,1,track2487,DOCUMENTS
invoice394,0.99,1,track2489,DOCUMENTS
invoice394,0.99,1,track2491,DOCUMENTS
invoice394,0.99,1,track2493,DOCUMENTS
invoice394,0.99,1,track2495,DOCUMENTS
invoice395,0.99,1,track2499,DOCUMENTS
invoice395,0.99,1,track2503,DOCUMENTS
invoice395,0.99,1,track2507,DOCUMENTS
invoice395,0.99,1,track2511,DOCUMENTS
invoice395,0.99,1,track2515,DOCUMENTS
invoice395,0.99,1,track2519,DOCUMENTS
invoice396,0.99,1,track2525,DOCUMENTS
invoice396,0.99,1,track2531,DOCUMENTS
invoice396,0.99,1,track2537,DOCUMENTS
invoice396,0.99,1,track2543,DOCUMENTS
invoice396,0.99,1,track2549,DOCUMENTS
invoice396,0.99,1,track2555,DOCUMENTS
invoice396,0.99,1,track2561,DOCUMENTS
invoice396,0.99,1,track2567,DOCUMENTS
invoice396,0.99,1,track2573,DOCUMENTS
invoice397,0.99,1,track2582,DOCUMENTS
invoice397,0.99,1,track2591,DOCUMENTS
invoice397,0.99,1,track2600,DOCUMENTS
invoice397,0.99,1,track2609,DOCUMENTS
invoice397,0.99,1,track2618,DOCUMENTS
invoice397,0.99,1,track2627,DOCUMENTS
invoice397,0.99,1,track2636,DOCUMENTS
invoice397,0.99,1,track2645,DOCUMENTS
invoice397,0.99,1,track2654,DOCUMENTS
invoice397,0.99,1,track2663,DOCUMENTS
invoice397,0.99,1,track2672,DOCUMENTS
invoice397,0.99,1,track2681,DOCUMENTS
invoice397,0.99,1,track2690,DOCUMENTS
invoice397,0.99,1,track2699,DOCUMENTS
invoice398,0.99,1,track2713,DOCUMENTS
invoice399,0.99,1,track2714,DOCUMENTS
invoice399,0.99,1,track2715,DOCUMENTS
invoice400,0.99,1,track2717,DOCUMENTS
invoice400,0.99,1,track2719,DOCUMENTS
invoice401,0.99,1,track2721,DOCUMENTS
invoice401,0.99,1,track2723,DOCUMENTS
invoice401,0.99,1,track2725,DOCUMENTS
invoice401,0.99,1,track2727,DOCUMENTS
invoice402,0.99,1,track2731,DOCUMENTS
invoice402,0.99,1,track2735,DOCUMENTS
invoice402,0.99,1,track2739,DOCUMENTS
invoice402,0.99,1,track2743,DOCUMENTS
invoice402,0.99,1,track2747,DOCUMENTS
invoice402,0.99,1,track2751,DOCUMENTS
invoice403,0.99,1,track2757,DOCUMENTS
invoice403,0.99,1,track2763,DOCUMENTS
invoice403,0.99,1,track2769,DOCUMENTS
invoice403,0.99,1,track2775,DOCUMENTS
invoice403,0.99,1,track2781,DOCUMENTS
invoice403,0.99,1,track2787,DOCUMENTS
invoice403,0.99,1,track2793,DOCUMENTS
invoice403,0.99,1,track2799,DOCUMENTS
invoice403,0.99,1,track2805,DOCUMENTS
invoice404,0.99,1,track2814,DOCUMENTS
invoice404,1.99,1,track2823,DOCUMENTS
invoice404,1.99,1,track2832,DOCUMENTS
invoice404,1.99,1,track2841,DOCUMENTS
invoice404,1.99,1,track2850,DOCUMENTS
invoice404,1.99,1,track2859,DOCUMENTS
invoice404,1.99,1,track2868,DOCUMENTS
invoice404,1.99,1,track2877,DOCUMENTS
invoice404,1.99,1,track2886,DOCUMENTS
invoice404,1.99,1,track2895,DOCUMENTS
invoice404,1.99,1,track2904,DOCUMENTS
invoice404,1.99,1,track2913,DOCUMENTS
invoice404,1.99,1,track2922,DOCUMENTS
invoice404,0.99,1,track2931,DOCUMENTS
invoice405,0.99,1,track2945,DOCUMENTS
invoice406,0.99,1,track2946,DOCUMENTS
invoice406,0.99,1,track2947,DOCUMENTS
invoice407,0.99,1,track2949,DOCUMENTS
invoice407,0.99,1,track2951,DOCUMENTS
invoice408,0.99,1,track2953,DOCUMENTS
invoice408,0.99,1,track2955,DOCUMENTS
invoice408,0.99,1,track2957,DOCUMENTS
invoice408,0.99,1,track2959,DOCUMENTS
invoice409,0.99,1,track2963,DOCUMENTS
invoice409,0.99,1,track2967,DOCUMENTS
invoice409,0.99,1,track2971,DOCUMENTS
invoice409,0.99,1,track2975,DOCUMENTS
invoice409,0.99,1,track2979,DOCUMENTS
invoice409,0.99,1,track2983,DOCUMENTS
invoice410,0.99,1,track2989,DOCUMENTS
invoice410,0.99,1,track2995,DOCUMENTS
invoice410,0.99,1,track3001,DOCUMENTS
invoice410,0.99,1,track3007,DOCUMENTS
invoice410,0.99,1,track3013,DOCUMENTS
invoice410,0.99,1,track3019,DOCUMENTS
invoice410,0.99,1,track3025,DOCUMENTS
invoice410,0.99,1,track3031,DOCUMENTS
invoice410,0.99,1,track3037,DOCUMENTS
invoice411,0.99,1,track3046,DOCUMENTS
invoice411,0.99,1,track3055,DOCUMENTS
invoice411,0.99,1,track3064,DOCUMENTS
invoice411,0.99,1,track3073,DOCUMENTS
invoice411,0.99,1,track3082,DOCUMENTS
invoice411,0.99,1,track3091,DOCUMENTS
invoice411,0.99,1,track3100,DOCUMENTS
invoice411,0.99,1,track3109,DOCUMENTS
invoice411,0.99,1,track3118,DOCUMENTS
invoice411,0.99,1,track3127,DOCUMENTS
invoice411,0.99,1,track3136,DOCUMENTS
invoice411,0.99,1,track3145,DOCUMENTS
invoice411,0.99,1,track3154,DOCUMENTS
invoice411,0.99,1,track3163,DOCUMENTS
invoice412,1.99,1,track3177,DOCUMENTS
